Date,Mkt-RF,SMB,HML,RMW,CMA,RF,Close,Volume,Returns,excess_return
1990-02-01,1.11,1.15,0.65,-0.04,-0.61,0.57,331.8900146484375,2961970000,0.850279135448318,0.28027913544831806
1990-03-01,1.83,1.59,-2.9,1.99,-0.94,0.64,339.94000244140625,3283280000,2.3965505779727976,1.7565505779727975
1990-04-01,-3.36,-0.35,-2.57,1.78,-1.0,0.69,330.79998779296875,2801220000,-2.725521238308934,-3.415521238308934
1990-05-01,8.44,-2.41,-3.89,1.68,-1.63,0.68,361.2300109863281,3596680000,8.800097873791163,8.120097873791163
1990-06-01,-1.09,1.31,-2.0,-0.99,-0.39,0.63,358.0199890136719,3226280000,-0.8926084910209643,-1.5226084910209643
1990-07-01,-1.9,-3.15,-0.06,-0.1,3.21,0.68,356.1499938964844,3373540000,-0.5236846788815326,-1.2036846788815327
1990-08-01,-10.13,-3.79,1.56,-0.48,2.99,0.66,322.55999755859375,4020730000,-9.906281541277137,-10.566281541277137
1990-09-01,-6.11,-3.72,0.59,0.03,3.62,0.6,306.04998779296875,2687280000,-5.254071046276891,-5.854071046276891
1990-10-01,-1.91,-5.06,0.08,3.17,-0.25,0.68,304.0,3671900000,-0.6720746005114605,-1.3520746005114606
1990-11-01,6.35,0.02,-2.97,0.58,-4.71,0.57,322.2200012207031,3149770000,5.820684444503389,5.2506844445033884
1990-12-01,2.48,0.6,-1.57,2.66,-1.98,0.6,330.2200012207031,3116830000,2.4524556849066763,1.8524556849066762
1991-01-01,4.69,3.87,-1.48,1.34,-4.07,0.52,343.92999267578125,3660240000,4.067902429874777,3.5479024298747768
1991-02-01,7.21,4.02,-0.62,-0.06,-0.34,0.48,367.07000732421875,4303170000,6.511445851577625,6.031445851577624
1991-03-01,2.67,3.81,-1.3,-0.52,-0.99,0.44,375.2200012207031,3927920000,2.195993835391806,1.755993835391806
1991-04-01,-0.29,0.35,1.49,0.67,0.81,0.53,375.3399963378906,4017200000,0.03197482375830989,-0.4980251762416901
1991-05-01,3.66,0.14,-0.52,2.07,-2.36,0.47,389.8299865722656,3739700000,3.7878440105439655,3.3178440105439657
1991-06-01,-4.94,0.3,1.08,1.75,0.68,0.42,371.1600036621094,3258730000,-4.907746586014916,-5.327746586014916
1991-07-01,4.24,-1.0,-1.3,1.6,-1.44,0.49,387.80999755859375,3481570000,4.388227631696101,3.898227631696101
1991-08-01,2.32,1.42,-0.79,0.85,-0.32,0.46,395.42999267578125,3713820000,1.9458239201722227,1.4858239201722228
1991-09-01,-1.59,1.58,-1.23,-1.77,-0.04,0.46,387.8599853515625,3260990000,-1.9329349869559536,-2.3929349869559537
1991-10-01,1.29,0.85,-0.43,-1.65,-0.3,0.42,392.45001220703125,4082380000,1.1764759676739434,0.7564759676739434
1991-11-01,-4.2,-0.88,-1.77,1.1,-0.12,0.39,375.2200012207031,3737620000,-4.489664780873656,-4.8796647808736555
1991-12-01,10.86,-2.41,-4.23,3.67,-3.14,0.38,417.0899963378906,4155310000,10.578949320065524,10.198949320065523
1992-01-01,-0.59,9.19,4.67,-1.17,3.25,0.34,408.7799987792969,5286280000,-2.0124906041998383,-2.352490604199838
1992-02-01,1.09,1.3,6.51,0.07,2.25,0.28,412.70001220703125,4267610000,0.9543855309576457,0.6743855309576456
1992-03-01,-2.66,-0.89,3.49,-0.06,1.82,0.34,403.69000244140625,4066240000,-2.207370360663781,-2.547370360663781
1992-04-01,1.09,-5.75,4.36,1.65,2.4,0.32,414.95001220703125,4315840000,2.751079773217417,2.431079773217417
1992-05-01,0.3,0.2,1.11,-0.91,0.49,0.28,415.3500061035156,3643980000,0.096349251741979,-0.18365074825802102
1992-06-01,-2.33,-2.76,3.24,-0.06,0.95,0.32,408.1400146484375,4259830000,-1.7511264288296995,-2.0711264288296993
1992-07-01,3.78,-0.65,-0.51,1.24,-0.97,0.31,424.2099914550781,4265220000,3.8618306803876776,3.5518306803876776
1992-08-01,-2.38,-0.39,-1.09,3.66,-1.64,0.26,414.0299987792969,3653820000,-2.4290163475819795,-2.6890163475819797
1992-09-01,1.19,0.47,-0.19,1.61,-0.68,0.26,417.79998779296875,4023850000,0.9064387885347568,0.6464387885347568
1992-10-01,1.02,2.09,-1.98,1.19,-0.91,0.23,418.67999267578125,4507010000,0.21040675880256818,-0.019593241197431832
1992-11-01,4.14,3.88,-1.52,-0.54,-1.58,0.23,431.3500061035156,4148770000,2.981295217929922,2.751295217929922
1992-12-01,1.53,1.65,2.64,-0.52,0.83,0.28,435.7099914550781,4876150000,1.0057025148320269,0.7257025148320269
1993-01-01,0.93,1.94,5.9,-1.9,2.94,0.23,438.7799987792969,5280850000,0.7021280908169156,0.47212809081691565
1993-02-01,0.12,-3.37,6.48,-0.47,4.15,0.22,443.3800048828125,5442450000,1.0429055449634723,0.8229055449634723
1993-03-01,2.32,0.09,1.26,-0.22,0.82,0.25,451.6700134277344,5766950000,1.8524653242830476,1.6024653242830476
1993-04-01,-3.05,-0.81,2.55,-3.69,1.38,0.24,440.19000244140625,5853170000,-2.5745396987600264,-2.8145396987600266
1993-05-01,2.89,1.94,-3.46,-0.14,-1.03,0.22,450.19000244140625,5108640000,2.2463263865183976,2.0263263865183974
1993-06-01,0.3,0.12,2.64,-0.91,1.16,0.25,450.5299987792969,5544400000,0.07549434975973471,-0.1745056502402653
1993-07-01,-0.34,0.96,2.87,-1.84,2.05,0.24,448.1300048828125,5308530000,-0.5341285007793978,-0.7741285007793978
1993-08-01,3.72,0.08,0.18,-1.52,0.04,0.25,463.55999755859375,5506200000,3.385244141081636,3.135244141081636
1993-09-01,-0.12,3.02,-0.24,0.25,-0.19,0.26,458.92999267578125,5552720000,-1.003814417509818,-1.263814417509818
1993-10-01,1.41,1.86,-2.78,0.61,0.56,0.22,467.8299865722656,5940460000,1.9207276337299777,1.7007276337299777
1993-11-01,-1.87,-1.31,-0.78,2.19,-1.03,0.25,461.7900085449219,5876610000,-1.2994692567740804,-1.5494692567740804
1993-12-01,1.65,1.35,0.25,1.14,-0.35,0.23,466.45001220703125,5791210000,1.0040598783038786,0.7740598783038786
1994-01-01,2.87,-0.05,1.1,-1.54,1.39,0.25,481.6099853515625,6627390000,3.1983767906037284,2.9483767906037284
1994-02-01,-2.55,2.62,-1.52,2.08,-0.94,0.21,467.1400146484375,5853100000,-3.05055975160481,-3.26055975160481
1994-03-01,-4.79,-1.03,1.67,0.65,1.39,0.27,445.7699890136719,7225010000,-4.6825930676400365,-4.952593067640036
1994-04-01,0.68,-1.0,1.66,1.05,1.14,0.27,450.9100036621094,5735010000,1.1464671878566652,0.8764671878566652
1994-05-01,0.58,-2.49,0.6,0.64,0.6,0.32,456.5,5675970000,1.2320928865823515,0.9120928865823514
1994-06-01,-3.04,-0.52,1.77,1.05,1.5,0.31,444.2699890136719,5852670000,-2.715623904644618,-3.025623904644618
1994-07-01,2.82,-1.87,0.61,-0.66,0.1,0.28,458.260009765625,4980100000,3.1004268952847047,2.8204268952847045
1994-08-01,4.02,1.44,-2.55,0.98,-1.52,0.37,475.489990234375,6398750000,3.6909100790636225,3.3209100790636223
1994-09-01,-2.28,2.71,-1.81,0.56,1.06,0.37,462.7099914550781,6152870000,-2.7245341243997485,-3.0945341243997486
1994-10-01,1.35,-2.22,-1.66,0.18,-0.73,0.38,472.3500061035156,6344700000,2.061975964867581,1.681975964867581
1994-11-01,-4.03,0.09,-0.73,0.48,-0.53,0.37,453.69000244140625,6251240000,-4.0306098324758715,-4.400609832475872
1994-12-01,0.86,-0.05,-0.09,0.4,0.36,0.44,459.2699890136719,6351530000,1.2224097678835126,0.7824097678835127
1995-01-01,1.8,-3.07,2.59,0.15,-0.65,0.42,470.4200134277344,6852060000,2.3987692740722113,1.9787692740722114
1995-02-01,3.63,-0.49,0.99,0.61,-0.4,0.4,487.3900146484375,6330100000,3.5438712774815286,3.1438712774815287
1995-03-01,2.19,-0.53,-2.13,-0.13,0.23,0.46,500.7099914550781,7792400000,2.696242010364243,2.236242010364243
1995-04-01,2.11,-0.26,1.67,0.43,0.82,0.45,514.7100219726562,6307030000,2.7576603842838927,2.3076603842838925
1995-05-01,2.9,-2.17,2.28,0.41,0.01,0.54,533.4000244140625,7555690000,3.566797956572486,3.026797956572486
1995-06-01,2.72,3.05,-2.54,-0.23,-2.39,0.47,544.75,7555650000,2.1055316306170484,1.6355316306170484
1995-07-01,3.71,2.12,-1.58,0.22,-1.58,0.45,562.0599975585938,7307960000,3.1281627592512193,2.678162759251219
1995-08-01,0.55,1.7,2.68,-1.17,1.49,0.47,561.8800048828125,7146620000,-0.03202887643984275,-0.5020288764398427
1995-09-01,3.36,-1.86,-0.11,0.99,0.4,0.43,584.4099731445312,7052830000,3.931443269158869,3.501443269158869
1995-10-01,-1.51,-4.07,-0.49,1.93,-0.1,0.47,581.5,8043320000,-0.49917733857125224,-0.9691773385712522
1995-11-01,3.96,-1.06,0.52,-0.57,1.0,0.42,605.3699951171875,7602150000,4.022886132135168,3.6028861321351684
1995-12-01,1.04,0.65,0.24,-1.44,3.02,0.49,615.9299926757812,7697540000,1.7293475541394994,1.2393475541394994
1996-01-01,2.26,-2.64,0.46,0.26,2.3,0.43,636.02001953125,9188050000,3.20967312736511,2.77967312736511
1996-02-01,1.33,1.77,-1.05,0.16,-1.89,0.39,640.4299926757812,8749960000,0.690977421523225,0.30097742152322504
1996-03-01,0.74,1.56,0.42,1.44,-0.95,0.39,645.5,8984200000,0.7885395976348094,0.3985395976348094
1996-04-01,2.05,4.7,-3.97,-0.2,-2.03,0.46,654.1699829101562,8875580000,1.334202010570647,0.874202010570647
1996-05-01,2.36,3.23,-0.9,0.03,-0.33,0.42,669.1199951171875,8921140000,2.259617855050066,1.839617855050066
1996-06-01,-1.13,-3.67,2.33,3.5,1.2,0.4,670.6300048828125,7930840000,0.22541674267919787,-0.17458325732080215
1996-07-01,-5.96,-3.78,5.19,2.9,2.68,0.45,639.9500122070312,8849860000,-4.682750899291917,-5.132750899291917
1996-08-01,2.77,2.58,-0.82,-0.38,-2.47,0.41,651.989990234375,7380320000,1.8639142030761158,1.4539142030761159
1996-09-01,5.01,-1.41,-2.74,1.3,-2.13,0.44,687.3300170898438,8064070000,5.278534169307636,4.838534169307636
1996-10-01,0.87,-3.79,4.88,1.38,2.97,0.42,705.27001953125,9703670000,2.5766184810720274,2.1566184810720275
1996-11-01,6.25,-3.82,1.4,2.06,-0.69,0.41,757.02001953125,8763850000,7.080896305654677,6.670896305654677
1996-12-01,-1.7,3.19,1.28,0.23,1.49,0.46,740.739990234375,9089170000,-2.1740025620189605,-2.6340025620189604
1997-01-01,4.97,-1.82,-1.44,1.22,-0.07,0.45,786.1599731445312,11635830000,5.9510626546169565,5.501062654616956
1997-02-01,-0.48,-2.54,5.61,0.72,3.47,0.39,790.8200073242188,9715930000,0.5910091189056065,0.20100911890560647
1997-03-01,-5.02,-0.41,3.39,0.39,1.53,0.43,757.1199951171875,10120760000,-4.354863618214284,-4.784863618214284
1997-04-01,4.04,-5.7,0.0,3.36,-1.02,0.43,801.3400268554688,10454880000,5.676360503236183,5.2463605032361835
1997-05-01,6.73,4.68,-4.11,-1.04,-2.76,0.49,848.280029296875,10106650000,5.692544457452351,5.202544457452351
1997-06-01,4.1,1.17,1.44,0.56,0.45,0.37,885.1400146484375,10857950000,4.253503662890388,3.883503662890388
1997-07-01,7.31,-2.74,0.13,0.18,-2.56,0.43,954.3099975585938,11958120000,7.524272255849243,7.094272255849243
1997-08-01,-4.09,7.5,1.13,-1.02,-0.17,0.41,899.469970703125,10606100000,-5.918289529406516,-6.328289529406516
1997-09-01,5.34,2.48,0.24,-1.58,-0.93,0.44,947.280029296875,11383000000,5.178908254907495,4.738908254907495
1997-10-01,-3.81,-0.56,2.33,0.75,2.01,0.42,914.6199951171875,14017260000,-3.508607782077327,-3.928607782077327
1997-11-01,2.99,-5.01,1.22,3.08,1.73,0.39,955.4000244140625,10173620000,4.362145338032799,3.972145338032799
1997-12-01,1.36,-2.09,3.74,0.64,1.95,0.48,970.4299926757812,11958880000,1.5609138181524678,1.0809138181524678
1998-01-01,0.14,-1.28,-1.68,0.91,-0.62,0.43,980.280029296875,12733830000,1.0099010336863457,0.5799010336863457
1998-02-01,7.04,0.05,-0.93,-0.37,-2.58,0.39,1049.3399658203125,11656550000,6.807836648858761,6.417836648858762
1998-03-01,4.76,-0.73,1.38,-0.55,-0.23,0.39,1101.75,13719590000,4.8738462205499475,4.483846220549948
1998-04-01,0.74,0.01,1.03,-1.68,-0.36,0.43,1111.75,13656060000,0.9035525668709443,0.4735525668709443
1998-05-01,-3.05,-3.0,3.41,1.03,2.47,0.4,1090.8199462890625,11477140000,-1.900569265965794,-2.300569265965794
1998-06-01,3.21,-3.61,-2.03,-0.26,-3.03,0.41,1133.8399658203125,13551970000,3.868041398243032,3.458041398243032
1998-07-01,-2.42,-5.2,-1.83,1.64,0.76,0.4,1120.6700439453125,14194800000,-1.168331178413525,-1.568331178413525
1998-08-01,-16.05,-4.97,3.57,3.35,5.78,0.43,957.280029296875,15071550000,-15.758607868343159,-16.18860786834316
1998-09-01,6.19,-0.89,-3.51,-1.84,-2.84,0.46,1017.010009765625,16714080000,6.052627819818775,5.592627819818775
1998-10-01,6.98,-3.36,-2.33,0.88,0.18,0.32,1098.6700439453125,18001650000,7.72334378916789,7.40334378916789
1998-11-01,6.07,0.76,-3.24,-0.92,-0.92,0.31,1163.6300048828125,13451280000,5.744403620469628,5.434403620469628
1998-12-01,6.15,-1.5,-4.25,-0.69,-3.26,0.38,1229.22998046875,15181450000,5.484350764671906,5.104350764671906
1999-01-01,3.47,-0.82,-4.46,-2.8,-6.41,0.35,1279.6400146484375,16213500000,4.0190858615482234,3.6690858615482234
1999-02-01,-4.08,-5.15,1.95,-1.23,4.08,0.35,1238.3299560546875,14555860000,-3.281513760025149,-3.631513760025149
1999-03-01,3.48,-4.37,-2.61,-4.05,-1.07,0.43,1286.3699951171875,18002500000,3.8060632258911853,3.376063225891185
1999-04-01,4.34,4.52,2.4,-2.47,0.84,0.37,1335.1800537109375,18523200000,3.724185997213077,3.3541859972130768
1999-05-01,-2.46,3.75,2.49,0.95,3.18,0.34,1301.8399658203125,15880260000,-2.5287532336114906,-2.8687532336114905
1999-06-01,4.77,2.34,-3.22,0.93,-2.91,0.4,1372.7099609375,16079170000,5.300823759008801,4.900823759008801
1999-07-01,-3.49,2.54,-0.18,0.29,3.27,0.38,1328.719970703125,15332930000,-3.25708089457425,-3.63708089457425
1999-08-01,-1.37,-1.67,-1.93,-0.24,0.72,0.39,1320.4100341796875,15818550000,-0.6273730443188987,-1.0173730443188989
1999-09-01,-2.77,2.48,-2.9,-0.96,-0.99,0.39,1282.7099609375,16438700000,-2.8967323421100266,-3.2867323421100267
1999-10-01,6.09,-7.13,-2.88,-1.75,-0.87,0.39,1362.9300537109375,18832000000,6.066183660855315,5.676183660855315
1999-11-01,3.41,5.69,-5.65,-4.18,-1.84,0.36,1388.9100341796875,18384820000,1.8882457961593262,1.528245796159326
1999-12-01,7.66,5.1,-7.66,-8.0,-5.87,0.44,1469.25,19640690000,5.6232775045104955,5.183277504510495
2000-01-01,-4.74,4.21,-1.12,-6.15,4.56,0.41,1394.4599609375,21494400000,-5.224485096542008,-5.634485096542008
2000-02-01,2.45,18.46,-9.77,-18.95,-1.13,0.43,1366.4200439453125,20912000000,-2.0313002436901426,-2.4613002436901428
2000-03-01,5.21,-15.54,8.5,11.65,-1.2,0.47,1498.5799560546875,26156200000,9.232375063667664,8.762375063667664
2000-04-01,-6.35,-4.75,6.45,8.07,5.63,0.46,1452.4300537109375,20106460000,-3.127991095339023,-3.587991095339023
2000-05-01,-4.39,-3.86,4.59,4.05,1.47,0.5,1420.5999755859375,19898300000,-2.2158752395755528,-2.7158752395755528
2000-06-01,4.68,9.95,-8.04,-8.31,-3.17,0.4,1454.5999755859375,21738300000,2.365163155843237,1.965163155843237
2000-07-01,-2.48,-0.94,8.06,5.72,2.98,0.48,1430.8299560546875,19089100000,-1.6476267193485266,-2.1276267193485268
2000-08-01,7.03,-0.95,-1.37,-3.06,1.21,0.5,1517.6800537109375,20363700000,5.892822369153254,5.392822369153254
2000-09-01,-5.44,0.27,7.24,2.7,5.54,0.51,1436.510009765625,20838300000,-5.496632087674741,-6.006632087674741
2000-10-01,-2.78,-2.58,5.58,9.54,3.71,0.56,1429.4000244140625,25951400000,-0.4961774691885913,-1.0561774691885915
2000-11-01,-10.7,-0.35,12.24,13.05,8.35,0.51,1314.949951171875,20532300000,-8.345618792359105,-8.855618792359104
2000-12-01,1.18,3.26,7.55,1.92,4.82,0.5,1320.280029296875,23610800000,0.40452525456847754,-0.09547474543152246
2001-01-01,3.25,5.23,-5.05,-5.2,-5.21,0.54,1366.010009765625,27829800000,3.4050231409260965,2.8650231409260964
2001-02-01,-10.03,2.87,12.23,9.12,9.01,0.38,1239.93994140625,21644400000,-9.683114482086731,-10.063114482086732
2001-03-01,-7.25,2.33,6.47,3.34,3.72,0.42,1160.3299560546875,27806610000,-6.635853454793589,-7.0558534547935885
2001-04-01,7.94,-0.88,-4.64,-3.18,-3.19,0.39,1249.4599609375,25409990000,7.400701716559068,7.010701716559068
2001-05-01,0.68,3.55,3.38,0.29,1.95,0.32,1255.8199462890625,24525900000,0.5077276192499077,0.18772761924990772
2001-06-01,-1.94,6.69,-1.26,1.57,-1.67,0.28,1224.3800048828125,24748030000,-2.5354105491820706,-2.8154105491820705
2001-07-01,-2.13,-2.86,4.95,7.29,2.9,0.3,1211.22998046875,23793710000,-1.0798241319025235,-1.3798241319025235
2001-08-01,-6.4,2.54,2.86,3.81,6.53,0.31,1133.5799560546875,23359200000,-6.625562852916861,-6.935562852916861
2001-09-01,-9.24,-5.74,1.52,5.03,3.35,0.28,1040.93994140625,25025290000,-8.525663276941998,-8.805663276941997
2001-10-01,2.48,5.34,-7.31,-2.98,-4.36,0.22,1059.780029296875,29951280000,1.793727226268294,1.573727226268294
2001-11-01,7.53,-0.36,2.17,-3.49,-1.68,0.17,1139.449951171875,26330000000,7.248427993671071,7.078427993671071
2001-12-01,1.61,5.11,0.83,0.26,-0.28,0.15,1148.0799560546875,25128570000,0.7545296609037893,0.6045296609037892
2002-01-01,-1.44,1.28,3.42,4.73,2.83,0.14,1130.199951171875,29746200000,-1.5696378592795637,-1.7096378592795638
2002-02-01,-2.28,-0.38,2.34,8.03,5.1,0.13,1106.72998046875,26047600000,-2.0984861119793337,-2.2284861119793336
2002-03-01,4.24,4.15,1.08,-1.83,0.66,0.13,1147.3900146484375,26563200000,3.6080106667215,3.4780106667215
2002-04-01,-5.21,6.63,4.01,4.59,5.35,0.15,1076.9200439453125,28568900000,-6.33846547446828,-6.48846547446828
2002-05-01,-1.36,-3.07,1.52,2.31,2.53,0.14,1067.1400146484375,26905500000,-0.9122969376784574,-1.0522969376784574
2002-06-01,-7.23,3.76,0.37,3.92,2.66,0.13,989.8200073242188,29981510000,-7.521434960317877,-7.651434960317877
2002-07-01,-8.19,-6.33,-3.51,3.84,-1.1,0.15,911.6199951171875,42228720000,-8.229988459363803,-8.379988459363803
2002-08-01,0.5,-1.28,3.01,1.37,-1.4,0.14,916.0700073242188,29298400000,0.4869557741769553,0.3469557741769553
2002-09-01,-10.34,3.05,1.26,3.29,-2.29,0.14,815.280029296875,27723710000,-11.656114050838795,-11.796114050838796
2002-10-01,7.84,-4.29,-3.76,-3.16,0.73,0.14,885.760009765625,37856310000,8.291439611915427,8.151439611915427
2002-11-01,5.96,2.94,-1.16,-9.25,5.16,0.12,936.3099975585938,29200960000,5.550057104349944,5.4300571043499435
2002-12-01,-5.76,0.55,2.11,6.32,-1.79,0.11,879.8200073242188,25993640000,-6.222926619772059,-6.332926619772059
2003-01-01,-2.57,0.71,-0.79,-0.93,0.69,0.1,855.7000122070312,30749580000,-2.77974877305516,-2.87974877305516
2003-02-01,-1.88,-0.87,-1.36,0.79,-0.68,0.09,841.1500244140625,25235300000,-1.714982949976613,-1.804982949976613
2003-03-01,1.09,0.77,-2.11,1.68,-0.81,0.1,848.1799926757812,30080030000,0.8322836592988462,0.7322836592988462
2003-04-01,8.18,1.14,1.22,-4.68,0.98,0.1,916.9199829101562,29669610000,7.7927340026379035,7.692734002637904
2003-05-01,6.05,4.78,0.7,-6.94,3.07,0.09,963.5900268554688,30952100000,4.964571199782594,4.8745711997825945
2003-06-01,1.42,1.65,0.14,0.44,-0.4,0.1,974.5,31219400000,1.1258598140629075,1.0258598140629074
2003-07-01,2.33,4.4,-1.53,-3.89,1.52,0.07,990.3099975585938,31553200000,1.6093504013478805,1.5393504013478805
2003-08-01,2.33,2.37,1.64,-2.29,2.15,0.07,1008.010009765625,24881470000,1.7715355943955013,1.7015355943955013
2003-09-01,-1.24,0.57,0.14,0.9,0.41,0.08,995.969970703125,29940110000,-1.2016271671429113,-1.2816271671429114
2003-10-01,6.08,2.63,2.21,-1.38,1.65,0.07,1050.7099609375,32298500000,5.350426070312328,5.280426070312328
2003-11-01,1.35,2.31,1.72,0.21,1.68,0.07,1058.199951171875,24463220000,0.7103216390662538,0.6403216390662538
2003-12-01,4.29,-2.51,1.51,0.57,0.85,0.08,1111.9200439453125,27839130000,4.951898497110497,4.871898497110497
2004-01-01,2.15,2.46,2.42,-3.6,3.33,0.07,1131.1300048828125,32820000000,1.7128847057714995,1.6428847057714995
2004-02-01,1.4,-0.92,0.95,2.13,-1.17,0.06,1144.93994140625,27985600000,1.213504533610582,1.153504533610582
2004-03-01,-1.32,2.11,0.23,1.65,-0.98,0.09,1126.2099609375,33597900000,-1.6494204178642544,-1.7394204178642545
2004-04-01,-1.82,-2.06,-3.23,3.46,-2.83,0.08,1107.300048828125,31611900000,-1.6933314713063943,-1.7733314713063943
2004-05-01,1.18,-0.4,-0.18,-1.17,0.01,0.06,1120.6800537109375,29326400000,1.2011028036095872,1.1411028036095872
2004-06-01,1.86,2.52,1.21,1.12,-0.31,0.08,1140.8399658203125,27529500000,1.7829111362111554,1.7029111362111553
2004-07-01,-4.04,-2.92,3.22,5.21,-1.68,0.1,1101.719970703125,29285600000,-3.489223484716681,-3.589223484716681
2004-08-01,0.08,-1.18,1.08,1.21,-1.35,0.11,1104.239990234375,26586800000,0.22847383199045748,0.11847383199045748
2004-09-01,1.6,3.22,-0.05,-1.49,-1.72,0.11,1114.5799560546875,26829870000,0.9320306218269943,0.8220306218269943
2004-10-01,1.42,0.15,-0.26,-0.53,0.41,0.11,1130.199951171875,31511000000,1.3916952102817837,1.2816952102817836
2004-11-01,4.53,4.12,1.57,-0.52,-0.18,0.15,1173.8199462890625,30460280000,3.7868776906828336,3.6368776906828337
2004-12-01,3.41,-0.04,-0.23,-1.07,0.39,0.16,1211.9200439453125,31102500000,3.194257321148287,3.034257321148287
2005-01-01,-2.75,-1.11,2.06,2.8,-1.41,0.16,1181.27001953125,31498800000,-2.5615767695305847,-2.721576769530585
2005-02-01,1.88,-0.3,1.41,1.32,-0.21,0.16,1203.5999755859375,29297410000,1.8726898056026693,1.7126898056026694
2005-03-01,-1.93,-1.41,2.07,0.44,1.34,0.21,1180.5899658203125,39014150000,-1.9302760921690574,-2.1402760921690573
2005-04-01,-2.6,-3.97,0.05,0.97,-0.85,0.21,1156.8499755859375,43424270000,-2.0313511500222594,-2.2413511500222594
2005-05-01,3.65,2.76,-0.58,-1.02,0.28,0.24,1191.5,39321990000,2.9512244489019595,2.7112244489019597
2005-06-01,0.58,3.26,2.8,0.87,-0.52,0.23,1191.3299560546875,40334040000,-0.014272436450534956,-0.24427243645053498
2005-07-01,3.92,2.76,-0.78,-1.19,-0.78,0.24,1234.1800537109375,37464670000,3.5336532271868712,3.293653227186871
2005-08-01,-1.2,-0.94,1.34,-1.96,0.38,0.3,1220.3299560546875,42030090000,-1.1285547502899256,-1.4285547502899256
2005-09-01,0.48,-0.31,0.78,0.26,-0.61,0.29,1228.81005859375,44777510000,0.6924991121193389,0.4024991121193389
2005-10-01,-2.04,-1.5,0.43,-0.7,-1.26,0.27,1207.010009765625,49793790000,-1.7900033906343304,-2.0600033906343302
2005-11-01,3.61,0.9,-1.18,-0.79,-1.09,0.31,1249.47998046875,45102870000,3.45812139547286,3.14812139547286
2005-12-01,-0.24,-0.25,0.15,0.18,0.2,0.32,1248.2900390625,41756130000,-0.09528030899304152,-0.4152803089930415
2006-01-01,3.03,5.83,0.99,-0.66,-0.35,0.35,1280.0799560546875,49211650000,2.5147895607579915,2.1647895607579914
2006-02-01,-0.3,-0.46,-0.31,-0.54,1.98,0.34,1280.6600341796875,42859940000,0.0453055083401205,-0.29469449165987954
2006-03-01,1.47,3.34,0.61,0.03,-0.44,0.37,1294.8699951171875,50905040000,1.1034703509449961,0.7334703509449961
2006-04-01,0.73,-0.79,2.26,1.74,-0.13,0.36,1310.6099853515625,43308430000,1.2082366269225648,0.8482366269225649
2006-05-01,-3.56,-2.9,2.38,0.87,1.53,0.43,1270.0899658203125,54312830000,-3.14049293203158,-3.57049293203158
2006-06-01,-0.34,-0.24,0.85,1.32,-0.13,0.4,1270.199951171875,54873260000,0.008659275533511337,-0.3913407244664887
2006-07-01,-0.77,-3.6,2.62,1.63,0.84,0.4,1276.6600341796875,46348220000,0.507298940598844,0.10729894059884393
2006-08-01,2.03,0.45,-1.95,-1.81,2.14,0.42,1303.8199462890625,50485620000,2.1051056620195077,1.6851056620195077
2006-09-01,1.84,-1.39,0.06,0.78,0.46,0.41,1335.8499755859375,49001440000,2.4269399114309693,2.016939911430969
2006-10-01,3.22,1.98,-0.33,-0.11,0.32,0.41,1377.93994140625,56793620000,3.1021812670560824,2.6921812670560823
2006-11-01,1.7,0.63,0.04,0.2,-0.8,0.42,1400.6300048828125,55343930000,1.6332551131230073,1.2132551131230074
2006-12-01,0.85,-0.81,2.74,-0.65,1.88,0.4,1418.300048828125,47578780000,1.2536866857911233,0.8536866857911233
2007-01-01,1.38,0.02,-0.68,0.19,0.4,0.44,1438.239990234375,56686200000,1.3961131307325756,0.9561131307325756
2007-02-01,-1.96,1.33,-0.08,-0.52,-0.66,0.38,1406.8199462890625,51844990000,-2.208833705337683,-2.588833705337683
2007-03-01,0.71,0.14,-0.88,0.55,-0.67,0.43,1420.8599853515625,67622250000,0.9930511784698803,0.5630511784698804
2007-04-01,3.49,-2.08,-1.44,1.18,1.01,0.44,1482.3699951171875,57032470000,4.237984325323969,3.7979843253239687
2007-05-01,3.24,0.33,-0.59,1.47,-1.26,0.41,1530.6199951171875,64958050000,3.203072385189615,2.793072385189615
2007-06-01,-1.96,0.7,-1.05,0.49,0.06,0.4,1503.3499755859375,65322800000,-1.7976943869676052,-2.1976943869676053
2007-07-01,-3.72,-3.05,-3.68,0.26,-1.16,0.4,1455.27001953125,70337430000,-3.250447118036484,-3.650447118036484
2007-08-01,0.94,-0.33,-1.87,-1.27,-0.57,0.42,1473.989990234375,91381760000,1.2781539018930577,0.8581539018930577
2007-09-01,3.22,-2.44,-2.17,-0.49,-2.94,0.32,1526.75,57809700000,3.516829026279035,3.196829026279035
2007-10-01,1.79,-0.03,-2.87,-0.33,0.06,0.32,1549.3800048828125,76022580000,1.4713560940170525,1.1513560940170524
2007-11-01,-4.8,-2.91,-1.09,1.75,-0.36,0.34,1481.1400146484375,86246950000,-4.504278263090341,-4.844278263090341
2007-12-01,-0.87,0.18,-0.51,0.9,-1.07,0.27,1468.3599853515625,64821670000,-0.8665949670829879,-1.136594967082988
2008-01-01,-6.32,-0.63,4.0,2.12,2.06,0.21,1378.550048828125,98475340000,-6.311386420630851,-6.521386420630851
2008-02-01,-3.09,-0.64,-0.72,1.07,-0.97,0.13,1330.6300048828125,78536130000,-3.537973959244805,-3.667973959244805
2008-03-01,-0.94,0.59,0.31,0.89,0.47,0.17,1322.699951171875,93189170000,-0.5977452826418692,-0.7677452826418693
2008-04-01,4.61,-1.16,-0.96,1.81,-2.56,0.18,1385.5899658203125,85978630000,4.645095190758541,4.465095190758541
2008-05-01,1.87,3.04,-1.5,0.92,0.14,0.18,1400.3800048828125,80990480000,1.0617614807393634,0.8817614807393634
2008-06-01,-8.43,1.16,-2.51,4.98,-0.69,0.17,1280.0,96614040000,-8.988355391782212,-9.158355391782212
2008-07-01,-0.75,3.71,5.2,-1.36,0.99,0.15,1267.3800048828125,124980570000,-0.9908296633774069,-1.1408296633774069
2008-08-01,1.53,3.28,1.52,1.83,0.66,0.13,1282.8299560546875,86266010000,1.2116759351493935,1.0816759351493936
2008-09-01,-9.35,0.38,5.66,2.4,1.7,0.15,1166.3599853515625,140007320000,-9.518076507694332,-9.668076507694332
2008-10-01,-17.2,-3.06,-1.89,2.73,1.38,0.08,968.75,159823030000,-18.56364738868827,-18.64364738868827
2008-11-01,-7.74,-4.0,-6.21,4.67,2.39,0.03,896.239990234375,115660210000,-7.7798357313305395,-7.80983573133054
2008-12-01,1.77,3.33,0.05,0.03,-1.52,0.0,903.25,112884470000,0.77911466734982,0.77911466734982
2009-01-01,-8.09,-2.09,-11.02,0.0,-1.16,0.0,825.8800048828125,112090640000,-8.954987959881684,-8.954987959881684
2009-02-01,-10.14,-1.17,-6.6,1.01,-0.62,0.01,735.0900268554688,124492210000,-11.645651319919006,-11.655651319919006
2009-03-01,9.01,0.59,3.48,-2.58,-2.0,0.02,797.8699951171875,161843640000,8.195269356125575,8.175269356125575
2009-04-01,10.17,7.14,5.38,1.34,0.5,0.01,872.8099975585938,138855320000,8.977221824359974,8.967221824359974
2009-05-01,5.2,-2.24,0.41,-0.81,-1.99,0.0,919.1400146484375,131614940000,5.172057715517407,5.172057715517407
2009-06-01,0.42,2.27,-2.76,-1.41,-0.37,0.01,919.3200073242188,112653150000,0.01958080939538299,0.009580809395382991
2009-07-01,7.74,2.31,4.89,-0.26,3.08,0.01,987.47998046875,106635790000,7.152194934301422,7.142194934301422
2009-08-01,3.33,-0.1,7.6,-2.85,3.3,0.01,1020.6199951171875,116059270000,3.300933634285532,3.2909336342855324
2009-09-01,4.08,2.72,1.15,1.15,0.34,0.01,1057.0799560546875,112295490000,3.5100067367746317,3.500006736774632
2009-10-01,-2.55,-4.85,-4.17,4.22,-1.48,0.0,1036.18994140625,113410990000,-1.9959880197119548,-1.9959880197119548
2009-11-01,5.58,-2.76,-0.33,0.9,0.0,0.0,1095.6300048828125,84981530000,5.577907658673722,5.577907658673722
2009-12-01,2.74,6.14,-0.11,0.71,-0.09,0.01,1115.0999755859375,89515330000,1.7614520350300045,1.7514520350300045
2010-01-01,-3.35,0.4,0.33,-1.08,0.51,0.0,1073.8699951171875,90947580000,-3.76751237121947,-3.76751237121947
2010-02-01,3.39,1.49,3.18,-0.29,1.42,0.0,1104.489990234375,84561340000,2.811473974184046,2.811473974184046
2010-03-01,6.3,1.83,2.19,-0.61,1.74,0.01,1169.4300537109375,103683550000,5.71328154163926,5.70328154163926
2010-04-01,2.0,4.96,2.96,0.61,1.75,0.01,1186.68994140625,116741910000,1.465137300691843,1.4551373006918429
2010-05-01,-7.9,0.08,-2.48,1.3,-0.24,0.01,1089.4100341796875,127662780000,-8.553157288349063,-8.563157288349062
2010-06-01,-5.57,-2.42,-4.73,-0.1,-1.58,0.01,1030.7099609375,110106750000,-5.538844940550374,-5.5488449405503735
2010-07-01,6.92,0.04,-0.5,0.17,2.02,0.01,1101.5999755859375,94778110000,6.651579901085699,6.6415799010856995
2010-08-01,-4.77,-3.06,-1.73,0.6,-1.6,0.01,1049.3299560546875,85738250000,-4.861182288741885,-4.871182288741885
2010-09-01,9.55,3.65,-3.02,-0.19,0.38,0.01,1141.199951171875,79589450000,8.392847418803404,8.382847418803404
2010-10-01,3.87,0.73,-2.46,1.28,-0.38,0.01,1183.260009765625,89536270000,3.619305175049079,3.609305175049079
2010-11-01,0.59,3.54,-0.9,0.32,1.79,0.01,1180.550048828125,87151070000,-0.22928763797244472,-0.23928763797244473
2010-12-01,6.82,0.97,3.56,-3.42,3.17,0.01,1257.6400146484375,80984530000,6.3256487508998065,6.315648750899807
2011-01-01,1.98,-2.31,0.61,-0.64,0.81,0.01,1286.1199951171875,92164940000,2.2392969812412193,2.2292969812412196
2011-02-01,3.48,1.65,1.18,-1.83,0.84,0.01,1327.219970703125,59223660000,3.145657676282469,3.1356576762824693
2011-03-01,0.46,2.56,-1.84,1.73,-0.07,0.01,1325.8299560546875,89507640000,-0.10478617545838824,-0.11478617545838823
2011-04-01,2.9,-0.53,-2.44,1.12,-0.86,0.0,1363.6099853515625,77364810000,2.8096938770245248,2.8096938770245248
2011-05-01,-1.27,-0.72,-1.85,1.92,-1.43,0.0,1345.199951171875,81708980000,-1.3592919455284003,-1.3592919455284003
2011-06-01,-1.74,0.06,-0.2,2.27,-1.42,0.0,1320.6400146484375,86122730000,-1.8426185911932575,-1.8426185911932575
2011-07-01,-2.35,-1.11,-0.91,2.68,-1.73,0.0,1292.280029296875,81102170000,-2.170835585666382,-2.170835585666382
2011-08-01,-5.96,-3.09,-2.43,3.41,-0.26,0.01,1218.8900146484375,108419170000,-5.8467502271956855,-5.856750227195685
2011-09-01,-7.57,-3.49,-1.53,1.99,0.15,0.0,1131.4200439453125,102786820000,-7.44671007197857,-7.44671007197857
2011-10-01,11.34,3.25,0.06,-2.25,-0.73,0.0,1253.300048828125,98063670000,10.230659176938868,10.230659176938868
2011-11-01,-0.27,-0.3,-0.52,1.94,1.44,0.0,1246.9599609375,84275050000,-0.5071553722512535,-0.5071553722512535
2011-12-01,0.75,-0.29,1.54,1.06,2.47,0.0,1257.5999755859375,74742430000,0.8496565407114517,0.8496565407114517
2012-01-01,5.05,2.02,-0.93,-2.06,-1.48,0.0,1312.4100341796875,79567560000,4.266004446780736,4.266004446780736
2012-02-01,4.4,-1.67,0.42,-0.36,-0.08,0.0,1365.6800537109375,78385710000,3.9787344672044562,3.9787344672044562
2012-03-01,3.11,-0.48,1.19,-0.61,0.7,0.0,1408.469970703125,83899660000,3.085147563299614,3.085147563299614
2012-04-01,-0.84,-0.5,-0.77,1.3,0.66,0.0,1397.9100341796875,74761710000,-0.7525699544988768,-0.7525699544988768
2012-05-01,-6.17,-0.08,-0.95,2.03,2.36,0.01,1310.3299560546875,86920490000,-6.469930815862472,-6.479930815862472
2012-06-01,3.9,0.89,0.55,-1.06,0.45,0.0,1362.1600341796875,81582440000,3.879271987369995,3.879271987369995
2012-07-01,0.79,-2.81,-0.06,1.04,0.01,0.0,1379.3199462890625,73103810000,1.2518884940282722,1.2518884940282722
2012-08-01,2.54,0.44,1.23,-1.5,-0.86,0.01,1406.5799560546875,70283810000,1.9570609701871091,1.947060970187109
2012-09-01,2.73,0.57,1.62,-1.3,1.56,0.01,1440.6700439453125,69784280000,2.3947118796254596,2.38471187962546
2012-10-01,-1.76,-0.83,3.52,-1.4,2.52,0.01,1412.1600341796875,71752320000,-1.9987842358050205,-2.0087842358050203
2012-11-01,0.78,0.4,-0.86,0.38,0.81,0.01,1416.1800537109375,71489310000,0.28426724604567316,0.27426724604567315
2012-12-01,1.18,1.92,3.48,-1.72,0.8,0.01,1426.18994140625,66388180000,0.7043368100713409,0.6943368100713408
2013-01-01,5.57,0.42,1.01,-2.01,1.52,0.0,1498.1099853515625,75848510000,4.919779199874611,4.919779199874611
2013-02-01,1.29,-0.25,0.21,-0.59,0.61,0.0,1514.6800537109375,69273480000,1.0999927126354463,1.0999927126354463
2013-03-01,4.03,0.88,-0.22,0.27,1.41,0.0,1569.18994140625,68527110000,3.5355294329704883,3.5355294329704883
2013-04-01,1.56,-2.24,0.44,0.39,0.43,0.0,1597.5699462890625,77098000000,1.7924165836652506,1.7924165836652506
2013-05-01,2.81,2.04,2.67,-2.0,-0.95,0.0,1630.739990234375,76447250000,2.0550202383511564,2.0550202383511564
2013-06-01,-1.2,1.54,-0.05,-0.28,-0.06,0.0,1606.280029296875,74946790000,-1.5112928770280076,-1.5112928770280076
2013-07-01,5.65,1.75,0.58,-1.35,0.57,0.0,1685.72998046875,68106820000,4.827772805178804,4.827772805178804
2013-08-01,-2.71,-0.03,-2.73,0.71,-2.17,0.0,1632.969970703125,64802810000,-3.179826803794541,-3.179826803794541
2013-09-01,3.77,2.65,-1.18,-0.54,-1.32,0.0,1681.550048828125,66174410000,2.931559136642498,2.931559136642498
2013-10-01,4.17,-1.5,1.22,2.75,0.89,0.0,1756.5400390625,76647400000,4.362997111283392,4.362997111283392
2013-11-01,3.12,1.44,0.19,0.26,0.06,0.0,1805.81005859375,63628190000,2.766328977323541,2.766328977323541
2013-12-01,2.8,-0.44,0.0,-0.58,0.08,0.0,1848.3599853515625,64958820000,2.32894744820535,2.32894744820535
2014-01-01,-3.3,0.6,-1.99,-3.91,-1.54,0.0,1782.5899658203125,75871910000,-3.6231407776019298,-3.6231407776019298
2014-02-01,4.68,0.13,-0.35,-0.25,-0.54,0.0,1859.449951171875,69725590000,4.221337507227561,4.221337507227561
2014-03-01,0.41,-1.13,4.9,2.02,1.92,0.0,1872.3399658203125,71885030000,0.6908248426944213,0.6908248426944213
2014-04-01,-0.19,-4.07,1.22,3.4,0.93,0.0,1883.949951171875,71595810000,0.6181643365584686,0.6181643365584686
2014-05-01,2.04,-1.86,-0.1,-0.09,-0.96,0.0,1923.5699462890625,63623630000,2.081219601335824,2.081219601335824
2014-06-01,2.61,3.06,-0.71,-1.83,-1.91,0.0,1960.22998046875,63283380000,1.8878996713560545,1.8878996713560545
2014-07-01,-2.03,-4.2,-0.08,0.93,0.51,0.0,1930.6700439453125,66524690000,-1.5194687637991529,-1.5194687637991529
2014-08-01,4.24,0.29,-0.57,-0.64,-0.69,0.0,2003.3699951171875,58131140000,3.6963644407989245,3.6963644407989245
2014-09-01,-1.96,-3.66,-1.47,1.2,-0.59,0.0,1972.2900390625,66706000000,-1.563543610528987,-1.563543610528987
2014-10-01,2.51,3.66,-1.63,-0.39,0.21,0.0,2018.050048828125,93714040000,2.2936398829564384,2.2936398829564384
2014-11-01,2.56,-2.3,-3.13,1.57,0.14,0.0,2067.56005859375,63600190000,2.4237473563306713,2.4237473563306713
2014-12-01,-0.05,2.83,2.12,-1.21,0.9,0.0,2058.89990234375,80743820000,-0.4197384221126008,-0.4197384221126008
2015-01-01,-3.09,-0.93,-3.45,1.58,-1.64,0.0,1994.989990234375,77330040000,-3.1532779266425477,-3.1532779266425477
2015-02-01,6.14,0.36,-1.79,-1.1,-1.75,0.0,2104.5,68775560000,5.343887632562722,5.343887632562722
2015-03-01,-1.09,3.08,-0.38,0.07,-0.62,0.0,2067.889892578125,76675850000,-1.7549197433963104,-1.7549197433963104
2015-04-01,0.6,-3.01,1.8,0.05,-0.62,0.0,2085.510009765625,72060940000,0.8484722544635537,0.8484722544635537
2015-05-01,1.38,0.82,-1.11,-1.76,-0.83,0.0,2107.389892578125,65187730000,1.043672967533685,1.043672967533685
2015-06-01,-1.54,2.9,-0.82,0.35,-1.54,0.0,2063.110107421875,73213980000,-2.1235558871758675,-2.1235558871758675
2015-07-01,1.57,-4.58,-4.16,0.31,-2.44,0.0,2103.840087890625,77920590000,1.9549682990019603,1.9549682990019603
2015-08-01,-6.02,0.29,2.75,0.66,1.29,0.0,1972.1800537109375,84626790000,-6.462473099312395,-6.462473099312395
2015-09-01,-3.06,-2.8,0.55,1.8,-0.59,0.0,1920.030029296875,79989370000,-2.6798730963462862,-2.6798730963462862
2015-10-01,7.75,-2.06,-0.47,0.95,0.61,0.0,2079.360107421875,85844900000,7.9719379543398725,7.9719379543398725
2015-11-01,0.57,3.3,-0.43,-2.65,-1.06,0.0,2080.409912109375,75943590000,0.050474170680518696,0.050474170680518696
2015-12-01,-2.15,-2.95,-2.57,0.34,0.12,0.01,2043.93994140625,83649260000,-1.7685658390257228,-1.7785658390257229
2016-01-01,-5.74,-3.44,2.08,2.78,3.05,0.01,1940.239990234375,92409770000,-5.206761730549679,-5.2167617305496785
2016-02-01,-0.07,0.87,-0.61,3.31,1.94,0.02,1932.22998046875,93049560000,-0.41369055149924305,-0.43369055149924307
2016-03-01,6.95,1.0,1.22,0.68,0.01,0.02,2059.739990234375,92639420000,6.390499028682897,6.3704990286828975
2016-04-01,0.91,1.23,3.22,-2.85,1.77,0.01,2065.300048828125,81124990000,0.26957614511553935,0.25957614511553934
2016-05-01,1.78,-0.62,-1.62,-1.1,-2.54,0.01,2096.949951171875,78883600000,1.5208366810523843,1.5108366810523843
2016-06-01,-0.03,0.42,-1.49,1.45,1.9,0.02,2098.860107421875,86852700000,0.09105066031534965,0.07105066031534965
2016-07-01,3.94,2.47,-1.24,1.31,-1.16,0.02,2173.60009765625,69530250000,3.4990432691054076,3.4790432691054076
2016-08-01,0.49,1.66,3.17,-1.85,-0.36,0.02,2170.949951171875,75610310000,-0.12199867803522135,-0.14199867803522134
2016-09-01,0.27,1.81,-1.19,-2.18,0.03,0.02,2168.27001953125,77023620000,-0.12352137017536324,-0.14352137017536323
2016-10-01,-2.01,-4.02,4.11,0.99,0.25,0.02,2126.14990234375,72915530000,-1.9616837043472766,-1.9816837043472766
2016-11-01,4.85,6.96,8.29,-0.24,3.71,0.01,2198.81005859375,88445380000,3.3603545044434315,3.3503545044434317
2016-12-01,1.81,0.44,3.47,1.24,-0.32,0.03,2238.830078125,75344550000,1.803711129927909,1.773711129927909
2017-01-01,1.94,-1.44,-2.76,-0.51,-1.06,0.04,2278.8701171875,70576420000,1.7726314621062853,1.7326314621062853
2017-02-01,3.55,-2.3,-1.5,0.45,-1.8,0.04,2363.639892578125,69260940000,3.6523000738276954,3.6123000738276954
2017-03-01,0.17,0.75,-3.33,0.63,-0.95,0.03,2362.719970703125,81664010000,-0.038927289213133896,-0.0689272892131339
2017-04-01,1.08,0.41,-2.05,1.79,-1.6,0.05,2384.199951171875,65369860000,0.9050132478198201,0.85501324781982
2017-05-01,1.07,-2.99,-3.82,0.99,-1.66,0.06,2411.800048828125,79719460000,1.1509759110980617,1.0909759110980617
2017-06-01,0.78,2.52,1.5,-2.26,0.04,0.06,2423.409912109375,81078810000,0.48022260405038786,0.42022260405038786
2017-07-01,1.88,-1.64,-0.23,-0.75,-0.15,0.07,2470.300048828125,63348090000,1.916401754710087,1.8464017547100868
2017-08-01,0.18,-1.83,-2.13,0.2,-2.38,0.09,2471.64990234375,70784900000,0.05462837796946754,-0.03537162203053246
2017-09-01,2.49,4.76,3.15,-1.54,1.63,0.09,2519.360107421875,66624120000,1.911903935235539,1.8219039352355388
2017-10-01,2.25,-1.91,0.13,0.92,-3.14,0.09,2575.260009765625,71088550000,2.194556003184166,2.1045560031841664
2017-11-01,3.12,-0.38,-0.09,3.19,-0.1,0.08,2647.580078125,73416960000,2.769554104663445,2.689554104663445
2017-12-01,1.06,-1.05,0.05,0.73,1.79,0.09,2673.610107421875,65531700000,0.9783614574871227,0.8883614574871227
2018-01-01,5.58,-3.21,-1.32,-0.75,-1.05,0.11,2823.81005859375,77318690000,5.465739835832857,5.355739835832857
2018-02-01,-3.64,0.34,-1.1,0.53,-2.36,0.11,2713.830078125,79933970000,-3.97261075980839,-4.08261075980839
2018-03-01,-2.35,3.61,-0.21,-0.41,0.08,0.12,2640.8701171875,76803890000,-2.725249736693992,-2.845249736693992
2018-04-01,0.29,0.88,0.53,-2.42,1.24,0.14,2648.050048828125,70194700000,0.2715085811824473,0.1315085811824473
2018-05-01,2.63,4.71,-3.14,-1.98,-1.49,0.14,2705.27001953125,76011820000,2.1378191183066173,1.9978191183066172
2018-06-01,0.49,0.77,-2.33,0.83,0.2,0.14,2718.3701171875,77891360000,0.4830749386570285,0.3430749386570285
2018-07-01,3.2,-1.94,0.49,1.52,0.34,0.16,2816.2900390625,64898300000,3.5387950737524285,3.3787950737524284
2018-08-01,3.46,0.67,-3.91,-0.29,-2.56,0.16,2901.52001953125,69523070000,2.9814314524382426,2.8214314524382424
2018-09-01,0.06,-2.49,-1.63,0.65,1.37,0.15,2913.97998046875,63031510000,0.4285093286333627,0.27850932863336275
2018-10-01,-7.65,-4.38,3.37,1.0,3.65,0.19,2711.739990234375,91930980000,-7.192934595429683,-7.382934595429683
2018-11-01,1.71,-0.85,0.39,-0.63,0.44,0.18,2760.169921875,80620020000,1.7701752056117588,1.5901752056117588
2018-12-01,-9.55,-2.83,-1.94,-0.03,0.26,0.19,2506.85009765625,84162180000,-9.626521985789902,-9.816521985789901
2019-01-01,8.37,2.9,-0.39,-0.7,-1.68,0.21,2704.10009765625,80859870000,7.574215198675599,7.364215198675599
2019-02-01,3.42,1.75,-2.67,0.16,-1.56,0.18,2784.489990234375,70638770000,2.9295553365402385,2.7495553365402383
2019-03-01,1.1,-3.53,-4.16,0.91,-0.89,0.19,2834.39990234375,79159660000,1.7765510890228746,1.5865510890228747
2019-04-01,3.97,-1.11,2.15,1.57,-2.19,0.21,2945.830078125,70090370000,3.856039741757082,3.646039741757082
2019-05-01,-6.92,-1.5,-2.43,-0.51,1.73,0.21,2752.06005859375,77250740000,-6.804089408287398,-7.014089408287398
2019-06-01,6.92,0.37,-0.67,0.91,-0.4,0.18,2941.760009765625,71250630000,6.665830156302614,6.485830156302614
2019-07-01,1.23,-1.82,0.5,-0.13,0.37,0.19,2980.3798828125,70599470000,1.3042724833705281,1.1142724833705282
2019-08-01,-2.55,-3.26,-4.77,0.53,-0.6,0.16,2926.4599609375,80269220000,-1.8257281743262237,-1.9857281743262236
2019-09-01,1.42,0.29,6.76,1.82,3.38,0.18,2976.739990234375,74178980000,1.7035250591071929,1.523525059107193
2019-10-01,2.07,0.25,-1.92,0.43,-1.02,0.15,3037.56005859375,77720640000,2.0225842153317446,1.8725842153317447
2019-11-01,3.87,0.39,-2.0,-1.64,-1.14,0.12,3140.97998046875,72410620000,3.3480266071378155,3.2280266071378154
2019-12-01,2.76,0.99,1.73,0.05,1.18,0.14,3230.780029296875,72325540000,2.818875629854215,2.6788756298542147
2020-01-01,-0.09,-4.37,-6.22,-1.19,-2.19,0.13,3225.52001953125,77287980000,-0.16294196024425806,-0.29294196024425806
2020-02-01,-8.15,0.08,-3.82,-1.43,-2.53,0.12,2954.219970703125,84436590000,-8.785953690838776,-8.905953690838775
2020-03-01,-13.34,-8.18,-13.83,-1.61,1.2,0.12,2584.590087890625,162185380000,-13.36677246703745,-13.486772467037449
2020-04-01,13.58,2.57,-1.34,2.76,-1.02,0.0,2912.429931640625,123608160000,11.942083876017671,11.942083876017671
2020-05-01,5.59,1.92,-5.0,0.96,-3.15,0.01,3044.31005859375,107135190000,4.428653294909693,4.418653294909693
2020-06-01,2.44,1.95,-2.17,0.14,0.55,0.01,3100.2900390625,131458880000,1.8221374356719156,1.8121374356719155
2020-07-01,5.83,-3.17,-1.41,0.38,0.94,0.01,3271.1201171875,96928130000,5.363680163450586,5.353680163450586
2020-08-01,7.62,-0.9,-3.01,4.27,-1.49,0.01,3500.31005859375,82466520000,6.771908300435733,6.761908300435733
2020-09-01,-3.64,0.0,-2.71,-1.38,-1.91,0.01,3363.0,92310780000,-4.001811998317809,-4.011811998317809
2020-10-01,-2.08,4.66,4.17,-0.77,-0.57,0.01,3269.9599609375,89938980000,-2.8055692285554126,-2.8155692285554124
2020-11-01,12.44,7.12,2.08,-2.25,1.31,0.01,3621.6298828125,101247180000,10.214642790660017,10.204642790660017
2020-12-01,4.63,4.93,-1.69,-1.97,-0.06,0.01,3756.070068359375,96375680000,3.644904784059159,3.634904784059159
2021-01-01,-0.07,6.81,3.18,-3.65,4.98,0.0,3714.239990234375,106117800000,-1.11991376508885,-1.11991376508885
2021-02-01,2.8,4.47,7.11,0.33,-1.95,0.0,3811.14990234375,99082320000,2.5756876672536637,2.5756876672536637
2021-03-01,3.16,-0.84,7.34,6.35,3.53,0.0,3972.889892578125,122371150000,4.1562807282546625,4.1562807282546625
2021-04-01,4.97,-3.15,-1.01,2.43,-2.72,0.0,4181.169921875,83124090000,5.1097330468056406,5.1097330468056406
2021-05-01,0.29,1.27,7.06,2.34,3.0,0.0,4204.10986328125,88321860000,0.547149271672327,0.547149271672327
2021-06-01,2.74,-0.27,-7.83,-2.14,-0.96,0.0,4297.5,102544180000,2.1970872566122472,2.1970872566122472
2021-07-01,1.34,-4.53,-1.77,5.47,-0.61,0.0,4395.259765625,84255620000,2.2493175922251307,2.2493175922251307
2021-08-01,2.95,-0.63,-0.23,-0.29,-1.74,0.0,4522.68017578125,80500760000,2.8578143159792577,2.8578143159792577
2021-09-01,-4.4,1.12,5.07,-1.9,2.01,0.0,4307.5400390625,85528860000,-4.873779278283316,-4.873779278283316
2021-10-01,6.64,-2.67,-0.5,1.68,-1.56,0.0,4605.3798828125,80253600000,6.68581752839893,6.68581752839893
2021-11-01,-1.58,-1.72,-0.43,7.2,1.73,0.0,4567.0,88268840000,-0.8368625655205266,-0.8368625655205266
2021-12-01,3.24,-0.77,3.24,4.86,4.29,0.01,4766.18017578125,92750180000,4.268864816139665,4.258864816139665
2022-01-01,-6.15,-4.0,12.92,0.82,7.7,0.0,4515.5498046875,95562890000,-5.401822999928342,-5.401822999928342
2022-02-01,-2.28,2.84,3.16,-2.03,3.04,0.0,4373.93994140625,92667710000,-3.186276102171146,-3.186276102171146
2022-03-01,3.08,-2.11,-1.87,-1.53,3.21,0.0,4530.41015625,123546260000,3.5148286271522737,3.5148286271522737
2022-04-01,-9.41,-0.37,6.2,3.46,5.93,0.0,4131.93017578125,90367840000,-9.206782490742233,-9.206782490742233
2022-05-01,-0.33,-0.01,8.46,1.54,3.92,0.03,4132.14990234375,108860390000,0.005317629076062466,-0.024682370923937533
2022-06-01,-8.4,1.33,-6.13,1.81,-4.53,0.06,3785.3798828125,106116710000,-8.76515818048179,-8.825158180481791
2022-07-01,9.57,1.79,-4.14,0.76,-6.83,0.08,4130.2900390625,81688320000,8.720138468971587,8.640138468971587
2022-08-01,-3.77,1.5,0.19,-4.79,1.34,0.19,3955.0,92252350000,-4.336703066340545,-4.526703066340545
2022-09-01,-9.34,-0.96,0.05,-1.37,-0.76,0.19,3585.6201171875,94241020000,-9.804916662099258,-9.994916662099257
2022-10-01,7.86,1.82,7.97,3.28,6.42,0.23,3871.97998046875,95823760000,7.683456446885563,7.453456446885562
2022-11-01,4.69,-2.75,1.49,6.31,3.16,0.29,4080.110107421875,92671910000,5.235797609764905,4.945797609764905
2022-12-01,-6.38,-0.19,1.35,0.31,4.3,0.33,3839.5,85249330000,-6.078182537666818,-6.408182537666818
2023-01-01,6.59,4.41,-3.92,-2.44,-4.41,0.35,4076.60009765625,80763810000,5.992118183434967,5.642118183434968
2023-02-01,-2.57,0.59,-0.79,0.96,-1.51,0.34,3970.14990234375,80392280000,-2.645947885979313,-2.985947885979313
2023-03-01,2.49,-6.89,-9.06,2.27,-2.1,0.36,4109.31005859375,113094800000,3.4451292698263587,3.085129269826359
2023-04-01,0.63,-2.58,-0.12,2.42,2.85,0.35,4169.47998046875,70861260000,1.45361776495622,1.10361776495622
2023-05-01,0.33,-0.42,-7.78,-1.8,-7.06,0.36,4179.830078125,85190040000,0.24792714332724763,-0.11207285667275235
2023-06-01,6.46,1.26,-0.14,2.33,-1.55,0.4,4450.3798828125,87983140000,6.271886491464175,5.871886491464175
2023-07-01,3.21,2.86,4.06,-0.61,0.66,0.45,4588.9599609375,75063200000,3.066395090770391,2.616395090770391
2023-08-01,-2.36,-3.6,-1.18,3.46,-2.41,0.45,4507.66015625,86840820000,-1.7875203842993896,-2.2375203842993896
2023-09-01,-5.23,-1.76,1.48,1.93,-0.77,0.43,4288.0498046875,73482980000,-4.994616792328207,-5.424616792328207
2023-10-01,-3.14,-3.99,0.23,2.44,-0.69,0.47,4193.7998046875,83519460000,-2.2224841001403375,-2.6924841001403372
2023-11-01,8.88,-0.22,1.62,-3.7,-1.08,0.44,4567.7998046875,80970570000,8.54244482007529,8.10244482007529
2023-12-01,4.85,7.26,4.89,-3.01,1.29,0.43,4769.830078125,81530670000,4.327903543160834,3.8979035431608335
2024-01-01,0.73,-5.67,-2.24,0.65,-0.97,0.47,4845.64990234375,81737880000,1.5770693886425724,1.1070693886425724
2024-02-01,5.07,-0.69,-3.48,-1.69,-2.17,0.42,5096.27001953125,82066930000,5.042752831277197,4.6227528312771975
2024-03-01,2.84,-1.16,4.15,1.48,1.14,0.43,5254.35009765625,86299510000,3.054742011174303,2.6247420111743027
2024-04-01,-4.65,-2.48,-0.47,1.61,-0.31,0.47,5035.68994140625,81747170000,-4.250577768147858,-4.720577768147858
2024-05-01,4.32,0.68,-1.36,3.35,-2.85,0.44,5277.509765625,86849720000,4.6903805304359665,4.250380530435966
2024-06-01,2.8,-4.32,-3.31,0.54,-1.8,0.41,5460.47998046875,76025620000,3.4082343238882262,2.998234323888226
2024-07-01,1.22,8.35,5.62,0.27,0.28,0.45,5522.2998046875,80160390000,1.1257710402409888,0.6757710402409889
2024-08-01,1.61,-3.56,-1.1,0.73,0.82,0.48,5648.39990234375,81097300000,2.2577897117514727,1.7777897117514727
2024-09-01,1.73,-0.91,-2.77,0.18,-0.29,0.4,5762.47998046875,79564830000,1.9995632287754546,1.5995632287754544
2024-10-01,-1.0,-0.88,0.86,-1.4,0.98,0.39,5705.4501953125,82412430000,-0.9946041598550177,-1.3846041598550176
2024-11-01,6.49,4.62,0.15,-2.31,-2.05,0.4,6032.3798828125,84101980000,5.5719714029497265,5.171971402949726
2024-12-01,-3.15,-3.84,-3.0,1.91,-1.21,0.37,5881.6298828125,86064900000,-2.5307692187745623,-2.9007692187745624
2025-01-01,2.8,-1.22,1.62,-2.33,-3.24,0.37,6040.52978515625,88639380000,2.665780641966916,2.295780641966916
2025-02-01,-2.43,-4.93,4.91,1.09,3.06,0.33,5954.5,92317000000,-1.4344484648483262,-1.7644484648483263
2025-03-01,-6.39,-1.49,2.9,2.11,-0.47,0.34,5611.85009765625,111387270000,-5.926678538017666,-6.266678538017666
2025-04-01,-0.85,-1.85,-3.41,-2.84,-2.67,0.35,5569.06005859375,118936380000,-0.7654161847847313,-1.1154161847847313
