Date,Healthcare,Industrials,Technology,Consumer Cyclical,Financial Services,Consumer Defensive,Utilities,Basic Materials,Real Estate,Energy,Communication Services
1990-02-01,0.9781211513161879,3.8757715870579403,7.805049353871804,1.109285757099603,2.0171555786126736,1.1506738676646042,-0.471048093889265,0.2278618566057433,-5.229875318362764,2.041223996020955,0.7496166195226122
1990-03-01,2.639719762124435,4.44560476487434,5.632001991574458,7.81322004292947,-0.1817343413787239,6.862523061598816,-0.33941302872052037,4.319414002843365,-0.20471946500752264,1.2496109321813735,0.37989901792430436
1990-04-01,1.178021626766135,-2.4969558540699732,-1.8939984129921796,-6.930956054260415,-4.101314576813886,0.4451016409500545,-6.596621938459868,-5.343402480827982,-3.8942305030755398,-6.026292814293936,3.8207348614290124
1990-05-01,12.905268902034953,6.473583445414101,14.030273351095248,8.699541244538157,7.852992890982844,10.913517166961073,4.3222291906400105,8.917998128147671,2.888638035080047,7.80497328185993,11.661822360347966
1990-06-01,2.5087901386104297,0.379105690759646,0.5242183872420948,-2.4324090928007593,-1.753181178764553,3.461199606969085,1.037019576924412,-1.4776096387766409,-1.062001129945312,-2.562833515267974,-1.1440672454780914
1990-07-01,1.429398693394977,-3.074929022743802,-10.572257356778413,-7.375280338278451,-3.593447081468154,-0.7832062325666536,1.5888772189241862,4.0312329027236835,-3.290089759824845,6.021875984693164,-6.270999090078351
1990-08-01,-10.19873726724512,-14.385573906216509,-16.276809637405684,-16.603196129514306,-10.48989735270151,-8.530585265778486,-7.831476471469905,-14.500858319409001,-10.825625759977301,-2.265770630565564,-10.139048791178878
1990-09-01,-6.914217041793269,-5.507415842754305,-11.793780042909843,-17.057068312363853,-12.976169690918478,-5.839625423568622,-2.773969234890125,-6.822432938385629,-12.002350060337651,1.2986391948140636,-9.935258758675939
1990-10-01,1.6056240020032873,-3.839166501814489,-3.8350516695790082,-4.8806652033298565,-5.4648165807033084,-0.41938830358171336,7.5499161385189755,-1.3421938676237615,-3.8587637300132807,-4.305725359620875,-1.8957593718809438
1990-11-01,7.4181190581079495,7.70522330140727,12.605907251761723,9.034663593606757,13.172629748824562,7.928790827837684,1.605558305087453,5.995320183772369,8.129782766419607,1.230968550698278,9.017134787215062
1990-12-01,2.824865831278545,5.147826103545161,8.392132129754906,5.825704499939962,4.004085355844038,3.6327702036702227,0.5715014204948166,4.309944726275519,0.6650595515011172,-5.903021902137494,7.1407552567739225
1991-01-01,5.919245811005147,9.214758485152778,17.489069230711298,15.512845916326986,5.9631724376512665,3.638133107432925,-0.8544556465943753,4.879964724170502,6.598388931554112,-4.33812635239679,7.147377027278056
1991-02-01,11.075605692086112,6.174421514728969,9.040715759098761,11.56353553334866,11.51673258653668,6.483814195048795,4.143167170217052,5.308183081833715,7.6759322379861645,9.625124527027864,5.687537413687143
1991-03-01,9.600597433164651,1.4425679702895247,4.9484818829512065,4.103866644670765,7.443139036113945,7.0775010492419925,1.2502527098358798,0.4658800471340497,6.379603517482278,-2.5257215563768334,8.474876013898987
1991-04-01,-0.6312770527099082,-0.007735216367064631,0.870016275763788,5.4080812069223185,1.0859580895729162,-0.21354484694835604,-0.7814096144917227,2.4649815816004175,5.441541494084219,1.878975547865907,1.0115606923982725
1991-05-01,4.600234198725457,7.351261888028217,3.060779769561173,7.492565234222326,3.758948323610146,3.4982215942392445,-0.44453551973015043,3.6878919002779367,5.5243013849545735,4.2867785063648665,-0.5178392871691744
1991-06-01,-4.3012726615862125,-1.1666566809670598,-8.182970773205506,-2.793716638946279,-3.85395540141783,-3.724689627630127,-1.5211189693912943,0.6936792141134354,-5.934034506567733,-9.036148415825103,-7.6157321703812455
1991-07-01,5.4063154408509595,1.4749412153970467,3.5595392756158235,2.5320191960729668,5.671987427878032,3.3486379227628813,3.5218706167922647,1.9164818964262538,1.8578670842753997,7.478963217990133,5.221368362843236
1991-08-01,3.3744372837388443,1.177895764138114,7.465246065314205,2.845268240976677,2.822970361245398,4.156359994654676,2.9529880528325663,2.263511118552103,-0.5135711991754166,4.871067538854506,5.581244554360174
1991-09-01,1.624874266997064,-1.095904284349495,-5.600394880624401,-0.09936845051927864,-0.2672583465326955,-4.340671239349775,4.01020304335415,0.7512034106585813,0.8545408445579706,-2.1040124311501236,-1.5271480070844652
1991-10-01,4.658290998490942,4.09651334605949,7.707540661609966,-0.4962481374683059,3.7401465053673224,-0.8872944884449148,0.666637460317152,-0.6561384598950819,-0.8480092669084114,1.689080358990898,8.752380102141355
1991-11-01,-6.071882463699541,-5.759095287632145,-5.86335940366713,0.13668111212993156,-4.179324579185125,0.4534044995526939,2.346587317938542,-4.123125787230318,-4.702723767065437,-10.119130972774784,-4.63902067793762
1991-12-01,14.081199614088304,11.831704528586926,13.53564081322335,11.962393431123392,10.656674258665685,11.833371480547724,6.87235918523389,7.935535837834394,11.07313848993204,-1.449466051745812,9.86781660350897
1992-01-01,-0.09961059474514508,2.716971202984627,10.002138970466095,8.960880865688317,2.5585389626808777,-4.263450696127466,-4.494924975733466,4.89722180289491,6.164219133542621,-5.333127301012036,0.8205496226702615
1992-02-01,-4.088898611298512,3.900978860022968,0.18530146240954679,3.3040631625299675,3.5423271024081395,0.6350171671233655,-1.9503297102174189,0.538499020532407,0.5462698538445976,-0.8822275073118053,4.632371034527209
1992-03-01,-4.598279475173787,-0.9781158809856382,-5.038445184623962,-3.3540786305755215,-0.9105932260832565,-3.291693054557408,0.13894468058709894,-0.13591719302196126,-2.6288469459904515,-1.5819484117888616,-3.6659512736334476
1992-04-01,-5.090650918607358,1.076946188525761,0.07995630755034754,-6.89806137672526,2.1018476264028503,-3.49599468716801,1.2489244699845499,1.8927101279180951,0.11445928504094482,7.424724205456648,2.9766254000690897
1992-05-01,1.1561722976667728,0.34229868929163826,-0.6131137069545396,0.7630591396219846,0.8973141996813621,2.4842407050414104,0.3189821718100631,2.7159591667297867,2.478509342729108,5.604063303581017,-0.2818135897699308
1992-06-01,-5.019607001692339,-3.975133993477248,-6.116045763053397,-4.040590923450339,0.13481865881998079,-1.9992287429380415,-0.9269607547056147,-1.9423381337697179,-0.9891606274219134,-6.485448073882498,1.729621213534076
1992-07-01,7.113868806347392,2.419629855008313,-0.44245179723625006,7.132772169848383,3.387336230985137,6.727378459202716,6.558784331787515,2.4476883257788438,2.8894998160826586,10.74895231606539,3.926313042685163
1992-08-01,-4.783280144149433,-4.273465535620751,-3.421696237952794,-3.224855810944541,-2.4444630477863973,-1.9940684699899005,-1.5423070449332306,-2.8487914884327643,0.8159631827874881,2.6877447974865367,-0.6734963961429623
1992-09-01,-0.5368316180635231,2.836908890616266,4.608008299045612,1.9935190699337397,2.7257117940436157,2.6701975700092957,0.6611722915899091,0.024084086848704445,4.37957232900636,1.0869392724058822,3.717267664408772
1992-10-01,2.6040163703808887,3.151221114183531,8.527015010103604,4.065876176300123,3.055511434314366,2.9210650389587425,-0.5748693088513536,3.1761414972996023,1.4453481722186987,-4.931548162091789,1.3741456702523638
1992-11-01,5.829772801414269,3.9092512946200957,7.416684881402694,10.433898668746922,6.299901716486982,5.9117152737958225,0.3128383422105336,1.028600760348757,1.4428858040517554,-4.4670876761902765,5.4333358999527395
1992-12-01,0.1325442519814683,4.126082204277789,3.5358884939074366,2.77348765633395,3.3147456212993527,-1.8072586678195761,3.0360810827548725,3.168338098438237,2.044325434449821,2.608490760105961,8.186206704983258
1993-01-01,-2.1764109012229174,1.6177258787204494,6.661958243581756,5.343101450450434,2.7081879099131316,-1.3622892809041525,2.1688095962347202,-1.9751883663885677,7.302386750330019,4.147258183686467,3.8397782139661905
1993-02-01,-12.715794457166078,1.157814455653039,1.4882220665458659,-2.44552617814329,1.6699377848813277,-1.8282936731162505,5.23991180963639,1.7179537668087486,3.2912226701446348,7.848775724165533,0.8110994380410258
1993-03-01,-0.08290833804489593,2.5354117065648967,2.344181291337391,5.71229864518065,4.623265474196834,0.9505468405952235,0.3017654148735874,0.8549995197313506,5.403439714979372,6.832405404387845,-1.290442992251255
1993-04-01,-2.273942277360513,-1.4117955180798998,-1.2732615099839437,-5.116823387002062,-4.421230960007376,-6.985618878626633,0.46472043209210834,-1.1482066096319106,-2.5491659741893984,2.089529284395522,-9.170166022386487
1993-05-01,5.121162761837423,1.6677270096023749,13.137834554145195,4.069816516627202,-1.1260935770268845,1.0021050466305452,-1.0651379181827128,-0.5905630828724137,0.039734989267758536,1.8464665694149032,11.760981994023197
1993-06-01,-1.8739307030396302,0.4442421055123721,2.731241965817686,-0.8860515754336158,2.840779498562898,-0.3320192397970419,2.381058316413855,-0.4347533934432211,0.3591501820560218,-0.8721171384710068,4.7726254883158425
1993-07-01,-3.591111108098459,0.8775416470172385,-1.979886402136895,0.3937306338512832,1.4243645083064571,-3.4638079809657607,2.7059661120567036,2.7042944856808244,3.1031371965736523,-0.5262929594542826,7.384534369166832
1993-08-01,2.960664471781397,5.6261476406881865,11.41832037095637,7.694351261052779,2.665328890422758,4.078341285278297,2.3920984869016784,0.05675265399605812,2.0212584147234995,7.0416764842141175,10.362295034092096
1993-09-01,1.9599956102968779,-0.7670594124192263,1.603659748707519,0.5701223224279199,2.2304377512382363,-1.3478262607878728,-1.1845114531292522,0.5974054527603679,6.9415572542815305,-1.2387195799313897,-0.7578199292571984
1993-10-01,4.136863306811238,2.1624580706395795,-0.984876610922667,14.645283259731766,-2.7457514213794445,4.260805483106267,-1.1248497438507483,3.8570421810973357,-15.947035192190905,-7.118699369338916,6.169621302737568
1993-11-01,-1.3412738878237624,0.413571458747644,-0.2557220874972238,-0.7284197482781025,-5.511637396789412,0.9372215142422271,-6.805601102405273,-0.9738832522315262,-5.643040842870507,-9.903334888957605,-9.84985074817569
1993-12-01,3.394427769852203,3.7030141796401566,2.2343103543765466,0.6589747715952885,1.063293554616442,0.9374137441032817,2.005053376181362,4.467731542185304,2.6339293349036086,0.029300944243596697,-2.371577097586312
1994-01-01,3.616793664004897,3.9464804333832135,5.996297033975256,1.0979140993691394,1.5292133561779484,-1.5833241704181495,-1.8275894604496212,3.3960360161673595,5.019515860354544,5.030884104740885,-0.04567084555967138
1994-02-01,-1.119040322676066,-1.1416347235565716,3.0895333712255164,-0.2880997184010504,-4.395143880800842,1.0896137127949703,-6.472641363884513,-0.2180965946816139,3.904761805984226,-4.330786281324476,-3.4957596051374438
1994-03-01,-8.521052097507901,-4.464335432729463,-4.22124212045171,-4.862464361568933,-3.8183347388394373,-4.508523547379451,-4.651724039825886,-4.497473849966683,-5.424644487326943,-5.585428231582575,-3.026772197597593
1994-04-01,2.9525837124483436,-1.3633989949451122,-2.6800452836007005,1.4889484036389182,3.3675988252392277,-0.7304129631273384,1.8832040377154549,0.7190980491679652,1.3218401006774192,7.364335673852361,-4.34639211632474
1994-05-01,2.910108959414335,-0.8480910058302246,0.4439626932335096,-4.657428335896328,3.7297460136080596,-0.749898060444417,-6.3798453860985935,1.4624096079060933,2.581417174694606,-0.45759398145581653,1.7302294731411414
1994-06-01,-3.6871162408421383,-1.0709723350072957,-2.2310981269412733,-4.1735890853854825,-3.148269790064469,-1.388887184562235,-4.48606421195704,1.1072429255611784,-3.5085506977920886,0.569437582496823,-3.1578218286504995
1994-07-01,2.154204584345988,1.7472688226514925,5.7116553547995546,2.4757765292187774,2.3284697583842493,3.4975459356360408,4.022602213696899,5.342723308982523,0.6010499050083242,1.1373523635179175,0.07076221299967636
1994-08-01,9.624024339100854,3.6793544329960746,9.188445340094423,4.2344965322370545,3.374559423501598,5.639744804800388,0.6588038615162408,2.0012695869142605,-0.2073753000200045,-1.705835229092633,3.3035380226563023
1994-09-01,0.9177014000683901,-3.479859043150494,1.1708169173376595,-3.9931226664852693,-4.608443883821468,-1.3059836049014684,-2.655580999939025,0.5129140633474039,-2.045663138531037,-1.8898022809653416,-3.429903719914627
1994-10-01,2.329843784035748,5.6522953114337,8.783736280464195,0.13467161502584324,-0.12253837496446579,0.22426086360220746,1.650385995280745,-1.4805467235885272,-3.8352516066246474,6.370472048472102,4.458127155065787
1994-11-01,-0.7957792622713726,-6.132523285460341,-1.908241442632815,-3.1238705562218825,-6.67704834377221,-1.7766421064166518,0.6947121715597032,-9.540459994043646,-3.883134342282274,-8.529368664757094,-2.036779265072494
1994-12-01,1.6333365234352828,2.6741490929143867,-0.20536501580214822,-2.3669764294978197,1.739459255749155,-0.3203912122784381,-0.40202082718545773,3.4390580080236193,4.894018950339145,-3.802563997729865,-0.4837483379428279
1995-01-01,6.4698988093160015,0.8891008562157808,-0.18093814534287186,-0.8970236427804242,4.250517016628811,1.3002787949132155,5.809651175892777,-1.0765452233487058,-1.9198384748057902,-1.0101860299656518,0.4502273761287108
1995-02-01,5.338970963859653,4.793969273940513,7.692590248856753,2.4998084578694066,6.1990550050833795,2.8066428644688806,0.08065284370448911,5.3113664296947185,2.870506727084492,5.257532401939893,4.785798487456191
1995-03-01,1.232576053909901,2.858411428017263,8.850326679485866,1.2894190915709063,1.1931305171471571,1.2561942243567104,-3.3553681093504544,3.9628272712465376,-0.10745912577150635,6.660363835884725,1.7700302914897763
1995-04-01,2.7432617762158045,3.4555719833514167,5.142384983028402,0.039137858183106264,1.0383220169769918,0.8957207176448931,1.613426439863647,-0.19622109389418269,-0.8048980076138038,2.966044488054776,1.4243752800829015
1995-05-01,0.9123645009329254,1.1611897159589848,4.608575173435345,2.5839821777065852,4.649192190063455,1.8459654252969229,5.843144340940657,2.5434938431438274,3.777963734870245,2.5987734835483427,7.94887098979121
1995-06-01,5.969268220564511,1.195583847849783,12.411472770955491,1.8382934516972773,2.3699798074687815,2.3899606375336058,-0.5011088345076621,2.0054239891948265,0.9652816276801592,-3.9227872306706177,4.9749920401400916
1995-07-01,7.108601127586157,6.325847024296594,7.33553286192532,2.3590731435916026,3.3375676961173446,2.2899289564619205,-0.5514018562056237,4.294572785908844,0.6292540731630384,3.34344353225961,6.66869269120988
1995-08-01,4.5786532475477415,-0.9221463967662684,-0.5072298780354493,0.4456028209684856,5.013910327377972,-0.051863841811209496,-0.5507988876283333,-1.6738340824750748,0.7923072931499209,0.12061777795892226,12.111543399400055
1995-09-01,5.486512506435,1.0947782208644916,-1.079416781530189,1.0876896844295838,5.329804764405778,3.8303772619841614,5.602426353050241,1.3438192537472162,0.5258264400179363,-0.26122084256596456,-0.27490960881627136
1995-10-01,-1.5972076104629223,-2.6549145499342135,1.647707025742783,-4.196490789804624,-2.6503673640719625,-2.554224862711397,2.358273040354291,-1.4820914964724439,-3.30922463563863,-2.375929325094866,-2.6085240348199425
1995-11-01,7.504697400909836,6.147044841306277,-0.5054672327572153,5.487062654063313,5.749627043751031,1.5509532889962736,-0.33836661162397164,6.243460279464042,1.7690470506628309,4.397170553726544,2.885044306383825
1995-12-01,5.81296704764923,0.04798762551058555,-6.91229632548715,0.6824221339933558,1.8821652348612599,0.30853797415158635,5.500087141132563,1.9614286346298735,4.989868721649589,5.864413403908879,-0.49037110187454
1996-01-01,3.6442335233131096,2.920273717606878,-9.161188443211412,1.5481986078380399,3.1931496532988026,3.58129503972193,1.6555744838160866,3.147510945739836,0.7767089831184979,-0.05158285953559828,-0.7536651070135876
1996-02-01,-1.3584028796471666,3.394774389732995,4.343198921595958,2.1801971289216153,1.4865660523039785,0.7701737692070731,-3.7939296169038372,2.1320269212208975,1.1911267581496734,0.49881961617823406,0.3942166392182296
1996-03-01,1.6140646630712976,1.5278323426843168,-2.7614107253121944,6.999784274225068,-0.06937254805393682,1.4890451477917974,-2.348538785441079,2.605604928889369,-0.5243427037837951,5.189879774826517,1.3584458911538067
1996-04-01,3.7715708711361726,4.209642393833673,11.399899613456439,4.096413059074147,-1.5079066180606975,1.9776584265377017,-5.262283582351418,1.2812752371855456,1.3511831637263578,6.2125287896354555,-1.4770089507021305
1996-05-01,4.50939785849983,0.10496964427825023,2.17450264987616,4.412384193439668,1.581912160159177,3.769955669601479,0.6803070278679021,0.03871874714464113,0.9195075229211455,-0.8002374943482519,2.3329081338528477
1996-06-01,-1.38022992943294,0.5007781275253919,-9.437584577384518,-1.904242280770704,0.5200162424035382,2.5637199688795898,6.056074718997145,-4.45915391422784,2.0279968898122456,-0.9203214561835191,-0.7912523333194498
1996-07-01,-9.468381311689926,-6.258887390006958,-11.023591051620658,-8.87125581427938,-2.690115361087251,-5.768420462523888,-7.721295193487699,-5.611697364312194,0.4680553896816627,-7.382293744794845,-9.408048584462472
1996-08-01,5.362691102247392,3.9339670574938976,4.471698333531049,4.70095202635145,3.4156424564826837,1.2965760212925241,1.6689466259210184,2.0219036866083218,3.856971170638881,3.131691656224195,3.361303515971304
1996-09-01,6.37147366154337,4.497005730897211,8.622852790414063,3.3023419090485295,4.960673339817763,5.050014016900475,0.3764046691254281,3.0896207865837226,3.4801583758354204,1.7136097449263619,4.1152587608538544
1996-10-01,-3.9421971752372715,0.6430757892284538,-0.528735461844399,-1.7042478285455644,5.707949303533776,0.6750506938218627,3.1217178715607594,0.33419406003063556,2.1458609172076186,7.345515489757224,0.2735314771393213
1996-11-01,3.1871485110419653,6.601278687782558,13.721760709606873,2.9022839838970205,6.954875547929789,5.765485958652067,1.588307853573462,6.872186004965859,4.142777701850341,6.022871750230822,4.797876538929183
1996-12-01,2.9286723681420166,-1.10068863619922,0.550869489267979,-2.004579663626361,-0.4242404054715713,-1.5120314585822672,-0.28648631831638344,-3.355532928229373,6.603446475435649,-1.5543958536930613,-3.0707265655354625
1997-01-01,3.4185295818825012,2.9687275505256725,8.002768487763452,-0.11855911115218583,5.3073568053487,2.5797746248984197,0.7424817513022468,0.6122763709886622,-0.7071951261366122,6.4375796825291856,2.1390595657807507
1997-02-01,-0.33212652155022726,0.23769198215532528,-8.32424428934905,2.2619603971706965,4.506828983811437,3.2066354864442235,-0.4399880250869283,2.333698342354924,0.17534725785098176,-7.10237450572979,3.8485467826594677
1997-03-01,-9.07604858955947,-2.172928753008362,-3.460790030864002,-0.834861285366152,-5.327935868453126,-2.1087251625871195,-5.200696748884185,-6.096045671066761,-2.762051032760234,3.186739361479425,-5.255626255457872
1997-04-01,1.1815995432258253,5.187971231744301,2.903092116153083,1.9192904355576428,5.85438930128035,4.530836440896279,-2.071700983535742,3.249498121482828,-2.1967887510394113,-1.3753428482408097,2.560365947803529
1997-05-01,10.16690776858244,7.702747134479185,11.89463122753294,4.828650636754012,5.674633089363781,5.36817215711697,3.5699328887430792,6.8720124711417965,4.210625710641192,5.976375134341659,10.924789547054095
1997-06-01,4.0472027462730225,4.437905359964366,2.5075445355198354,3.9869758411218554,6.758321120994023,4.297969328058436,3.1642716489645673,5.42101273011001,3.865815717616303,0.29844873420588636,5.724410446378143
1997-07-01,3.4474849783500967,7.68561009543587,12.826489455371908,7.2969485929177775,8.690928389915847,7.238733930684595,3.248620485511202,3.9598218537103502,3.2409176650700857,9.099398507397462,3.2266900493257205
1997-08-01,0.5527591782170144,-4.126170315119293,3.0311064424940595,0.47859702832118634,-4.725096188160166,-4.264254137548885,-1.6748333479404405,-2.6995749110601737,-0.7901016037522095,0.739978109029022,-3.0902388859282643
1997-09-01,6.565854515976719,4.144284110838632,4.730151388705386,9.354657562172433,9.307895592489443,5.5176654054364915,3.5253461381015563,1.1096890677215698,5.710725735800919,4.453467661552599,10.960270449297532
1997-10-01,-4.027297741902186,-5.6689036256882135,-11.627824882954306,-1.5123450239637564,-2.6104270691038605,-1.9472141142133401,1.204274102887366,-7.147947898478266,-6.552383652221323,1.0665255075540399,-3.3682348152666695
1997-11-01,2.569083331452484,3.2562373315165085,-0.7974663880165379,-0.5198715760833134,3.70547406832153,6.1736159634524475,6.630092691538192,-1.4491946730360414,2.392373974636968,-4.0817241297771085,5.8267823480740555
1997-12-01,0.45677432882144264,1.3046734303360876,-6.0224862419398,0.41778183111631906,7.22696937250253,1.1978452574669498,7.286027139321855,-1.769756516281546,-0.476070076874808,0.6850328268410808,4.477901242478455
1998-01-01,1.8795124861140595,-0.32769028126570376,3.5239900750267785,2.0196349978022976,-2.8545781389552394,-1.2487101918877197,-4.080474400882329,-2.261494048872248,0.29204069652474623,-6.4470261544058065,2.1936387479674155
1998-02-01,7.719746844634851,7.475070172656787,9.91319315847171,10.424690087305096,7.773478967582992,6.009961997130633,1.3795287274374382,6.739222340381383,-1.335783299556206,5.038814297184138,7.578430838233818
1998-03-01,3.032082881452426,4.036693348976902,1.382532084211123,7.300317608476874,5.626936968293707,5.500964112022862,8.312359316885134,6.564002992346569,2.5192491688717333,4.75615516056083,6.774459104026506
1998-04-01,2.73985787310041,-0.2377563796428463,4.970724219800532,1.9011715971001257,2.1852512066194194,-1.9729408700161037,-3.293861139787973,2.4845291842198183,-1.0399466147029863,1.212326077629614,-0.12232348288981203
1998-05-01,-2.7591518815036107,-3.7949554417409277,-10.572041159859216,0.01200646078688971,-3.0078600062010707,0.5196876487564203,-0.31769286376963984,-5.841623606244183,0.38059335429268254,-6.339556085592429,-4.911214757470281
1998-06-01,2.8221771651310865,-0.1150319774971754,-1.3083719461287722,5.99735549723261,2.958566969002513,4.426267897098765,3.317936311510184,-7.808341975485636,-1.5110060901717959,-1.4872652667817032,2.053123141076452
1998-07-01,-3.3720887212125232,-7.034636625401099,-4.487813912465551,-1.7958300675394139,-2.6640572904104434,-2.44317141930764,-5.322461937165183,-4.9737777203297195,-5.801673736367556,-14.292857879525982,3.0255034903566016
1998-08-01,-23.429770079216823,-18.60889456408066,-26.134138420247712,-18.554745945557094,-21.610324410170282,-12.697061838423435,2.3556436960027054,-19.331250395576095,-12.40380766286944,-20.061463995438743,-16.613651940413373
1998-09-01,12.104532503419412,4.547230019693389,13.460990719500769,0.05221774576526797,3.681712968028788,1.7589629683040093,6.46770503856435,4.350392612894791,8.978609827580392,16.18282387161621,6.102136992725958
1998-10-01,7.973697632518419,9.592030296678741,13.500791692523753,6.5281555437985,11.182232922500587,13.888342207360495,-2.3984626574314687,9.964774702279918,0.1680371249290206,2.731703395399304,6.42851286516649
1998-11-01,4.094000888509805,4.07112729263828,11.226917100705185,9.108113724160104,4.61163649782004,4.072308898502641,1.5523800041127374,1.552282494536927,1.7375982688099205,-6.562415401149377,9.197497633768728
1998-12-01,7.5807461775863505,1.5282779916585463,11.868198191458143,9.943413197777863,3.8748356256211567,4.2248872763295795,1.7556076273078804,-0.9522761007788132,4.68840566572728,0.059211829513984855,11.110712618546819
1999-01-01,-0.40983504976557344,-0.3116850725564997,10.188896472027652,4.322086370348395,-1.925860340960694,-0.6401257487128188,-7.738409755919947,-3.0191295871007044,-1.8230578903107741,-9.685841189436392,7.538511870456135
1999-02-01,-7.924790077529583,-1.0659243232019544,-9.966055713468206,-0.4118535109203406,1.294499640670553,-3.3295312629372056,-6.135258599979638,-0.2026467419681199,-5.076217708198956,-2.877403899483818,-1.2810070723362914
1999-03-01,1.1888714631483768,-0.5562134565138291,3.8361167576347857,2.5437241625698728,2.356005233549249,-3.115081224731169,-2.191372209628987,-0.3280393958887714,-1.2679264860897097,16.83634875286475,-4.853066736232524
1999-04-01,-2.115857522009797,15.477775571520333,1.243185319176721,7.7410241285889025,5.85173721312888,4.068022417091516,7.2958671885601065,21.01138985574485,7.635317003039455,11.514708428916583,5.431370496968196
1999-05-01,2.2096594941454586,-1.618956849039729,2.4555578213213916,-4.96210088469299,-2.339736470955244,-1.8459401842817131,5.465640772643577,-6.621740362788701,1.5324333348213053,2.278255590851733,-3.090977070201893
1999-06-01,4.227010482049061,4.184302794335639,12.705671411835533,3.268809079139913,1.4945633172972224,2.758333498439437,-4.8810010426003725,0.6620311127901277,1.0130067470503328,3.3074077262983104,7.369397870219948
1999-07-01,-3.0901635476756093,-4.641291079000541,1.5629661357898832,-9.925173078099364,-6.802752392055859,-0.31801027708582436,-1.9619182147726957,-3.589754256168007,-4.738595398284326,-0.19183542166518475,-0.40981637882415484
1999-08-01,-2.195676336022623,-6.33184701676095,6.026935172375377,-5.341202399497578,-5.166649624056352,-3.7342770386274777,-0.26840969913113255,-6.014961084127481,-4.87789206954369,2.826092055073209,-1.570748601967445
1999-09-01,-7.377408060528958,-2.6828824228436314,-2.053164130903561,0.14071245315895006,-6.078292173409304,-3.246410138422471,-6.103402705445814,-6.255449705103265,-1.2245709457519314,-5.126741890910759,5.340904414830028
1999-10-01,-2.348672098633668,-3.451187508239089,10.495283289754745,-0.6406274257172205,12.228863091832025,5.56328439133093,0.6488140715858685,-2.0495494676276755,-3.2857552430754695,-3.8527981109705394,3.980977923233271
1999-11-01,5.496042159677708,-2.7004989383932236,14.501670825077579,0.15583921261337133,-4.014144437726075,-0.07943613208625229,-8.642413901468325,2.7046097941308695,1.0335848924270388,-3.52162655084559,7.036347649717149
1999-12-01,4.609085790004874,3.6595994170913206,21.076878917318087,-1.7845017658078839,-0.3924630064041164,-1.2647424716369007,-2.838212679581111,8.747083494437375,7.2413339229757545,-3.7813273720952236,5.621823659791872
2000-01-01,2.679554738575366,-7.761064907895175,-5.337890402672143,-11.6328127669698,-4.58164663674523,-8.196972809363455,2.568078653219786,-9.724372457265108,0.4874714613181021,1.021579410311366,-5.289939658737806
2000-02-01,9.772455797120971,-7.207670347992621,20.615936039024014,-5.258453452183025,-10.186321198260112,-10.77927636448866,-13.533535884023932,-10.579813143144694,1.3582372453543246,-1.0363752565187976,-5.919805019359499
2000-03-01,-2.076191529463124,10.28165797341633,3.8589949568349615,16.554802156869833,18.78773456412914,6.1130761761612575,3.3747178867311884,10.632977687793545,2.359365967394115,17.265331519395673,4.899843088015357
2000-04-01,1.9960799605298845,4.989292507763426,-7.7326018592610275,-4.965494471938717,-1.9510847214825744,-0.7314285262917553,11.520672646942502,1.6988204398323148,4.235038066933061,-0.31795658869457,-6.801591993287394
2000-05-01,1.2236463888724731,-0.6582618261138733,-9.390239997424274,-4.603329667337256,5.353156736272385,5.5737208166891055,2.806400206171093,-3.6321097753250764,-3.3828483252721453,12.98790120225742,-4.8435277538675585
2000-06-01,11.034967059577884,-5.8098937610256,6.902071642642241,-5.293787702926305,-3.567170185036628,-1.2342545466267851,-5.676399520408423,-8.856412408998354,3.6770076039472106,-6.029981018305194,5.950317390586496
2000-07-01,-0.36452421094225607,5.113830138351172,-6.07904073952587,0.12004095916740744,8.798614251711482,-2.8151208961555847,6.483094536988618,1.4338546818946736,7.921745967225511,-4.745490929786053,-4.604891631928392
2000-08-01,9.47761320385843,1.9343158738895185,11.89928695113027,6.451712816491907,8.903000009451993,-2.2593889039060433,10.289137439008314,2.990754428752072,-4.53572943467274,13.205562949914697,6.708315078852505
2000-09-01,3.2070358248930457,-5.176090098048821,-17.873768714779608,-1.8679220746507612,5.217223156789496,4.5607388093681,8.254181670204755,-11.387545899700958,2.32029008593972,2.5590258024194052,-1.7870092163899305
2000-10-01,2.3173776982470105,7.1915860504975635,-6.320572547042775,1.1020054639764603,1.6794414918291682,7.309986440318002,-1.4443214410242178,4.60177745287738,-1.8156806825593133,-6.654833815556843,7.018524861305412
2000-11-01,-0.7963022216251574,1.9110715016848614,-21.358897616415547,-7.226460772959828,-5.876217719500958,4.717156566370651,5.063661502982722,-1.098614667052692,-7.569091058335913,-3.7206340621413982,-15.396689204656127
2000-12-01,7.446444979262777,3.9126477261441766,-4.26834276902144,7.2814318678774566,9.850188053871884,3.111760006125907,2.592007716637932,12.094216608504183,7.868686235121806,16.332768825343436,5.279108989891596
2001-01-01,-5.241579824335709,1.7198558418107552,16.570700828811,7.329747152874295,-3.4880162935779686,-1.318448017729103,-11.43286433504951,0.46971203722039995,4.063469744917639,-5.843459299903532,4.434624036995913
2001-02-01,-2.517136161505059,-1.6925793940808245,-25.503083394770055,-3.443809837774584,-4.313133861060565,-1.5508812164919519,5.227497522060832,2.6795285204624912,-5.750962434557724,-1.0077330510739142,0.027893705604751337
2001-03-01,-10.239069589568615,-4.784668949158229,-8.291694159575053,-1.3292317601532575,-4.190241086811644,-4.222903673609446,-1.2286985886657473,-3.759556771810935,-10.039115095485329,-0.37634067618113226,-0.55509515734968
2001-04-01,9.852984819333306,7.853684720802321,17.05015867952542,11.172705303698152,4.510702639284355,-1.758178366766851,2.5263956150915674,5.873939712551613,9.404273425112027,11.815617374262676,2.7353684787790105
2001-05-01,3.3971709790497657,5.321204939303298,-0.1284356056974427,3.6374079286689036,4.2328551199091455,4.263342695845252,1.8298249070969541,4.374302917242163,-2.185225957556993,-1.2777708465425288,6.942638653567154
2001-06-01,0.0381750910930198,-3.9529723440674047,2.364891135026273,3.0703487630839033,-1.7215140037706647,-1.448100600023168,-4.3006851707416205,-6.2145350930931755,3.298195172775543,-13.82552375455029,-5.346295913277685
2001-07-01,-1.203624989378921,0.4013291326189786,-5.405150187168599,5.968393592478581,-0.8882025301799318,3.3171092707380634,-4.345908108750173,-1.252320229804054,-2.3389447510814154,0.45977809673297204,-1.1839972325227461
2001-08-01,0.3739269468183636,-2.4124485457099394,-8.622758237058276,-5.536929025343074,-5.3924595106466,0.40586768134603957,0.7368959618142571,0.5938033514251517,-3.014082344931725,-5.646809453924841,-7.9514502074401845
2001-09-01,-9.65312734930696,-13.802693125319957,-27.893581372322814,-18.661741066877934,-3.231226545775409,-3.6081692968494186,-9.489891321459252,-11.458184401884944,-7.90625134902137,-11.896667699913118,-21.362176786227487
2001-10-01,5.169117167818399,3.4627191357017173,17.33284468940407,9.049298219814956,-1.0680493836820173,1.6840132471567164,1.024672589717818,3.120799851805622,-2.491084822107545,7.905123524563752,8.815503984285847
2001-11-01,5.769188456904187,9.237915197597083,14.335315458692916,11.858842552790284,7.00286307570227,4.871807919509169,-0.5752346947438435,8.978002878010727,8.317835494822848,-4.820194078113452,9.020361942717699
2001-12-01,1.156964408442683,5.317120406977909,3.8619528954694458,7.768317108567173,2.997844837519005,1.9887599044960702,3.9312162893404357,3.1756781687187674,4.169147954741262,4.48072796300173,4.506437700749149
2002-01-01,-2.7052633192809705,2.4263752811787582,-1.0539164830465513,6.039621183201685,0.286830078198455,1.809101249210666,-2.073425903836775,-0.7751252969121428,-5.86035216328794,-5.161981087195111,-0.4606774757515874
2002-02-01,-0.5574589215079503,2.5655694285621173,-8.762225248881519,0.7873397082498645,0.08231926621723426,2.3985031592769674,-4.575477718213629,2.9774990058255644,-6.901716680390355,3.6494769567845307,1.5322074680122535
2002-03-01,4.272347549995753,4.229177135140428,10.302109641857943,3.92661571839187,4.86830473637954,1.8886631557472362,9.159591483699305,8.056868520756959,6.827511985247094,10.974472601197585,5.004704274299961
2002-04-01,-3.41676320488184,-2.486926227743987,-14.551290367208034,2.7033789752837616,-0.7214970120837185,1.1269742695127427,-0.19635090600628652,-3.6268157794530977,-2.5603668869570084,-2.722273989521686,-6.038727510194309
2002-05-01,-1.567746187173279,-1.5946483738614847,-4.973107118103972,-1.6275412031888414,-0.8611844897173174,1.3889300048701898,-5.120146332742348,5.181475609039434,-6.502453283750365,-3.176726491852732,3.5133933677276463
2002-06-01,-6.3952493640057355,-4.662374324817417,-16.434494363726497,-5.2029066412321185,-5.607952757164269,-4.1277631172179445,-7.886602358718879,-4.626038769589648,-0.8616743258329567,-7.464164245783133,-20.94178366697271
2002-07-01,-7.070662905137623,-14.083329868326377,-13.17721938644424,-10.660767720889234,-8.673662292907208,-6.604238542348406,-19.37688505240546,-8.610404731095718,-4.034704052030168,-16.343556821108983,-6.776913422681981
2002-08-01,0.07394955912122805,0.9273421835846427,-0.28835176980190286,0.28142786801195907,0.898067904387738,0.8610820578141752,5.499072509090058,1.2326887806009086,-3.0944295531873403,4.303551320813846,0.09330613941659971
2002-09-01,-3.01652685063335,-9.195215836709847,-17.113117712220696,-6.689022326568706,-9.081575925899434,-5.462437505522407,-11.026726199718404,-11.317370938277374,-7.455995552444151,-7.448771546854913,-9.437691773185716
2002-10-01,1.8189475692121353,4.40897597527729,15.506275571394454,3.7490027345262784,3.9417558762566465,4.001751901211584,-1.0733521362328349,1.5150427250811245,-6.85047882678542,0.536693981730911,5.68904813990804
2002-11-01,2.556285133355632,8.368738188979961,22.981738528653942,6.718798167141822,5.61088220654865,-0.814117564495227,4.249320942408114,8.072878696442872,12.6323083181389,4.741718720475136,12.430646927101712
2002-12-01,-3.39433038067612,-2.3222740769001624,-17.426593695473812,-7.530271191383159,-4.648308602391607,-2.009878917089332,4.295713554463226,-3.410580645822917,-6.51379854639887,1.1051640223475712,-11.610901072013977
2003-01-01,-2.5247552365135295,-6.21253537743595,-2.0310325440198778,-1.2000171372867328,-3.221482233071081,-2.8381150636693904,-4.940592703448629,-4.836550701821808,-0.9508198668388916,-1.8901735725984152,-0.04884868988253257
2003-02-01,-2.9570889280320602,-3.9253694444712925,3.147350110420219,-1.048368883063158,-3.330428092579275,-4.19339137849048,-5.154490299399478,-6.169481486049243,1.3180903592236421,4.537598776798956,-2.3868347833476626
2003-03-01,1.2432605023739118,0.17139475243008181,-1.0331442122841619,4.306061100016069,0.545945197374947,-0.1179213426223298,5.354424243293928,-0.7227880422817874,4.991114449570711,1.7988820194758772,3.7728878517752804
2003-04-01,5.64246226634568,10.12258137800093,9.786607695872082,11.505391410122883,9.87995278424452,6.797524415799461,8.962940966168532,6.0202004961302285,6.750885837762429,0.9858346365851209,9.89716783711975
2003-05-01,11.359544315858384,6.08503584581499,15.75865310275094,7.466527076264425,6.317330803877625,6.045477282783835,10.780783202055476,5.763074222024015,12.184857224272266,10.129890820428816,8.917473367729276
2003-06-01,3.1143196731539637,1.2727750140816956,-1.0689904929629879,2.1468331808906314,1.4047686781435755,1.2612943454508165,-0.04372039305331378,0.01223586051930283,1.0482857735948135,-0.33847765752322173,3.9941962756624925
2003-07-01,2.8105287853113787,7.324392818970404,6.915399292806039,6.229281318681572,2.547616409650488,-0.11839759459905298,-4.6074734924449565,7.056101746908712,9.555813896248004,-5.057688088769133,0.8187900221141708
2003-08-01,7.414748316002801e-05,6.095139767025005,10.115728779656841,6.43074275186377,-0.6549144532094198,1.4715582682086081,1.457395017567696,2.925775831315755,1.1263991552564823,7.87178724621121,3.6415029295136265
2003-09-01,-0.7022059217980015,-5.255529407699176,-2.7585403593316196,-2.7669790188303685,0.4253961705268283,0.850723196257616,4.3107917385619725,-3.6444046667498933,0.23387707944341346,-1.284450317894454,-1.7084352117074981
2003-10-01,3.960005130163756,9.871698307097676,12.162451529480759,10.25543127824353,5.967688567606684,4.400085657772043,2.9209538655317946,9.263456188652466,5.19694952413271,1.407065441286376,13.37374699469522
2003-11-01,2.420122021643652,2.9132908372527053,4.472259407040668,2.4612639701142074,-0.14831259166751992,2.8097338340095726,0.5540717798915674,3.645737575157155,4.5274936762680325,-0.3061640771088143,-7.173442666218586
2003-12-01,3.993946183599496,4.879210811939534,0.7931062963186425,0.9416118249868327,4.44050610486607,1.4765868764225163,4.833219224765564,8.34595163407828,2.4967395953358835,11.061533615653456,4.935761173843233
2004-01-01,5.197630022525516,-0.3446762107989256,3.562620119151477,1.5927966304363705,3.331664550065211,1.548592927394618,1.7253595805525634,-2.346249865744971,4.9610903487659135,3.501421440908317,3.2775492456996083
2004-02-01,1.1007778780829764,0.5340035664457218,-0.8516610854772086,6.421379401033444,3.113061567879453,6.252161030082481,0.8949636242301142,3.569089689345227,0.7338027761561384,3.3438844464722965,-0.0574863139587404
2004-03-01,-1.287554076862544,1.8674736966493442,-0.8343902450806875,0.16728461301977438,-1.3120523987418624,0.9183200054043678,1.0393750457040303,2.4187008045692,3.9725592916966663,0.4361679838725119,0.12095400321008079
2004-04-01,1.685957811249004,0.6028595405978416,-8.677205281803994,-1.536691236247264,-3.286977147504752,1.2076854745345662,-4.311483778547055,-4.170506390742124,-10.749443322597331,2.681176795478603,-5.554193571131824
2004-05-01,1.3332732453883192,1.7408553361101733,7.005696315843554,-0.0038693637294247452,1.2591210487981925,1.152389410574785,0.8692020080062777,2.1210186732493153,5.394524538747719,0.6087779427366092,0.22347686852344992
2004-06-01,2.479105026350731,6.711241475550798,2.8495249822565842,1.9974339779556582,0.6482295967307016,1.2093243200434625,2.0069282700244906,5.1136462085869505,3.529135500687237,7.777359866647838,1.7622937447892457
2004-07-01,-8.363337448769446,-3.552641378029964,-9.045083566589854,-3.995119124443953,-4.075122446031972,-4.788933584377626,1.2977621676034425,0.49694643201349736,0.5262674686607723,2.8453214767865735,-8.676580993913436
2004-08-01,0.6896268558388056,-2.1214733024049455,-4.710065617932542,-0.20064469144647645,2.2434668984741384,0.5241572094401742,2.836161341910757,3.487347852063525,4.848904821540562,-3.0412565641501446,-7.27105370672601
2004-09-01,2.062462776836796,3.32829943520211,7.306826990103653,5.441943469299421,2.045298413516431,-1.682697114526638,-0.6430576904529952,5.985638055407044,2.382790269763641,9.902096798941724,0.6893135956152877
2004-10-01,-0.6735770864893125,3.7449500236667186,5.699111490622432,3.6003473646795743,-0.4120073803862769,2.7806917699589753,3.1775816065093174,-2.809014790985793,4.937683357287304,0.04122706053007385,4.921680931707171
2004-11-01,5.916090008044862,6.5532097823349265,5.590382795592491,5.055588762511741,4.418575406049194,5.590938105275535,3.8194144471800295,9.217478645304913,4.13522040199464,8.558763761009033,4.473613407476306
2004-12-01,4.759044227428445,3.7128535950130193,4.015662372773959,6.898026476006057,5.1768473406152795,5.176281831583442,2.916600017470341,-0.3402369281146304,4.290017079567624,-3.5038304702671033,6.618888456191662
2005-01-01,-0.6948012812912333,-4.911129774616394,-7.407768193272387,-4.127353092498512,-3.433447672936494,0.21825110839379974,0.8808402805927041,-1.4871057722382,-7.613288785613541,3.329496473174548,-2.920314233104506
2005-02-01,0.9815872369082865,1.5362249646843504,3.124347119480014,2.251607235445329,0.580318024411807,0.2580804846122076,2.0343223807551327,5.542782413188689,1.5211576984108732,14.662139448903172,-0.8267826407389226
2005-03-01,-3.980120167126628,-1.054972589965104,-1.579429436380478,-1.9141328587385722,-2.5289449518565283,0.5951993623320757,0.102137157486741,-2.0922685686386613,-1.5306995709431992,-1.4367368853635534,-2.4195152805155336
2005-04-01,2.061719074904698,-5.254061623737618,-6.221128985485814,-8.219679384779916,-0.6003462227673765,-3.1957246592652977,1.2434586201144981,-8.992797624205458,3.3572550082708266,-5.559871467868503,1.8364027044242404
2005-05-01,4.128926877235881,4.247860361433361,10.793779671001575,6.237332436958341,3.3147801123717207,3.4162151037347503,1.9304634200954536,2.882198477154639,4.7000784431164595,3.667509554086726,6.9019076147603995
2005-06-01,1.5786652870490718,-1.2379223428591435,-0.9430419280203478,2.1244139865562675,2.52311274168612,-0.7289797835320717,5.04397954080948,1.2014598969028703,6.608275702855187,8.542099019333854,0.98684251670084
2005-07-01,2.9941427387930886,5.503392781789087,6.431032771606901,7.755115367561847,3.923513842151643,2.039720845866179,2.055312788913311,6.759767118751108,7.53955014384595,8.314779835120751,2.4610160255902875
2005-08-01,0.7884903900400617,-1.7130967028906479,-1.078715667120512,-6.268432317297571,-1.158541017172731,-1.3883817602694737,0.14703722577044184,-3.113061246627537,-3.42190872475021,6.181982215496089,-2.1041415411802538
2005-09-01,-0.8998232167700064,1.8154970451044554,2.503967099478222,-2.6063057714101454,3.051005513634229,-0.7367019095079406,2.2113756025640767,1.6028776687767083,1.1085102933549897,6.670272957832886,1.5088460632694405
2005-10-01,-2.273746425850358,-0.27819737159186575,-1.3330933066676267,-2.5082777368749682,3.4477475260674413,-1.122250066949154,-6.261557209093439,-2.29206400484606,-2.2775968993813533,-9.65875295884977,0.3409080526538855
2005-11-01,4.5579781729950675,6.840554687137045,6.669490994094352,8.6438010993502,5.1637331388089125,1.8544645816577932,-0.4182348155572108,3.317688855485739,6.021354938151577,-0.6553638419007328,1.547503240421934
2005-12-01,2.1838133886945736,0.18885145965884256,0.35629444351360345,-0.29093445678288077,-0.689761039373407,0.47060511735687544,0.5215193905562513,2.4151981678687995,-0.4405823357437258,1.7999234782515392,-1.3239039985488676
2006-01-01,4.799418280585201,4.900656386591639,7.870235774516467,3.8861296886720127,2.1999499527816977,1.0485124014132028,1.927167133047492,7.849924099898944,8.335441114180439,14.135957282874472,2.2967280892026674
2006-02-01,1.154832341904486,3.579054580852394,-0.3843466879626692,0.040957343775598565,2.6928662015233074,1.0272888968071363,0.1000738775168178,0.20063948305378096,2.6215182939274118,-9.607198618964416,-2.3238166890024394
2006-03-01,2.5416511232004653,4.408165841630001,3.438413019537366,2.364293319015402,0.6693749733626432,2.3925720456066015,-3.9422695757625905,4.6406054916922015,5.239021575588685,3.9739036698550723,3.3319198160082584
2006-04-01,-3.569238359633261,1.3903356433359002,0.803034139188279,-1.4623439489413976,3.1179297988768484,0.9152807539115579,1.108034425792671,3.6351592087413773,-1.8138820584099038,4.616694203978873,1.908795778047543
2006-05-01,-3.785904071767713,-3.087037880019192,-8.789382273801966,-5.736599510674172,-4.788198224170094,3.367295786362317,0.8747323657806014,-4.320963927744494,-4.754939432585435,-3.3640035309267935,-3.4621845471031345
2006-06-01,-0.6841241055447638,1.08402140232735,-2.0226867510982363,-0.565944535704648,-0.5234666382518596,-0.17523090727013385,1.4995600953327606,-0.005819193075609824,3.5081640387638062,3.52113841209362,-1.4121404233665364
2006-07-01,0.2392555540980054,-7.9854426839879675,-3.2653018872369994,-5.581990002548367,1.3888694312599499,0.0826280276476992,5.203405841038237,-2.52101922149789,1.5076050273444541,4.045780686033024,-2.83872756486679
2006-08-01,3.7604611444985867,-0.9387291883807081,6.26887190242709,4.300453472539936,1.1477390532185519,1.3599025285716797,2.2437269831878752,2.687629016793251,4.997061250148305,-5.7620830423396985,4.0585879356900945
2006-09-01,1.4360491063929695,2.6717838020048945,4.455896004261436,5.371870917576121,4.566744039293518,2.6292303397595864,-1.8681188900407193,0.04224530242595572,0.8453177828364483,-4.470713660826071,5.546824248198236
2006-10-01,3.0643758729338906,3.9711224722297236,3.5457262537811025,5.918014563997724,2.7851951454011434,1.1923415227937848,6.197168288339477,8.873223128933352,5.660640597792794,5.160368467069554,6.453647785630655
2006-11-01,1.43356854516973,2.3178497333988406,4.208678040558552,3.8284419576481126,1.6627259035229642,-0.2741425761940353,4.186849394069294,4.606586374970058,4.126021697423256,8.450872932528156,4.727735447729082
2006-12-01,0.2930287590196652,-1.1595168617164753,-1.4921453800642603,0.888106460757734,2.1670144903187705,1.5232704000210762,0.453946797091,1.2430967972528042,-1.298783720764034,-3.4826908733905273,0.6134829441361839
2007-01-01,4.176093925245213,4.284452498677035,0.8007137228221833,4.463007738030006,1.2885557502526386,2.2102778495775572,-0.32776932870462405,5.548397663886877,7.555081804562542,1.1291647724723315,2.7436664357553995
2007-02-01,-2.1359282427957553,-0.3367422669207409,0.9346683556050641,-1.0791755832662517,-1.6312574420734451,-0.22940689511591586,3.4516035955281557,3.2142077228687933,-3.470307726611745,-1.4473989854308453,-3.849656141640905
2007-03-01,0.8169618750636151,-0.7417498963143372,-1.1555112119628497,-0.3873560712027941,-0.5866753452604149,2.131141841001851,3.977914535100191,3.702395878357613,-2.2573185001457885,5.9303040535861635,2.3175168206736747
2007-04-01,4.16662795771836,4.655266907310537,5.1727501497901756,3.473982878778884,3.194340369249687,1.11083784823076,3.067686063748648,2.7912939699934007,0.3555276384797636,5.341838415054667,0.93696086737337
2007-05-01,1.692593588915724,5.785020806257315,3.8849373586404643,3.066043896540135,3.7406535652159194,1.2851972643811582,-0.3929267363770439,4.887324675563771,1.3600196913210434,7.34009441795603,2.8313580906935063
2007-06-01,-2.539109098035173,-0.08628334156657938,0.9649348853492509,-1.8674626753071437,-2.2519932472267135,-0.23338605493544787,-6.97733836491517,1.2955578844463418,-8.519678709490544,-0.44011407180176176,-1.5906263545672406
2007-07-01,-2.0291188440632335,-1.675638566448571,-1.6560303139500239,-4.593204328208214,-6.274731918846682,-4.168167177035486,-4.745290229751428,-1.0585417374398314,-7.6379400042923615,-1.2671671966322162,-4.459217392642057
2007-08-01,3.3847000078050704,0.062278101722462564,2.5971498864328186,1.6495146826414255,-0.3765558275647723,2.372870604480014,1.9576180328167363,0.2791764690327618,6.135774222533851,-0.5274174760923172,-1.09819415184294
2007-09-01,4.360531500435636,0.7871549320177462,3.938401814509074,1.4502017223614945,3.02576772965687,2.7943818132026985,2.920722221867814,7.882715919549578,4.12341233303803,7.344588464645411,4.1568754259190275
2007-10-01,1.514835686529608,0.5936276503130524,2.2625811192515877,2.795732351272108,2.5535001053081205,1.2237925826132074,5.5175167137472085,5.365916980189436,2.8838703943395445,5.042990988192209,2.9619578548668586
2007-11-01,-0.8858371440862661,-5.056014565706552,-7.701508113470805,-6.864131450454267,-4.507510987578385,-1.363508175618995,-0.1244803882339025,-3.1917614740949785,-6.641057353831967,-6.071882724644043,-11.189167290331753
2007-12-01,-0.9587456798407442,-1.541469928645355,-0.6463576670380223,-3.3487568627173045,-2.8913711733555676,-1.1776780033928438,-0.40988945937023874,2.329282085528375,-4.276548973116678,7.774041402457461,2.175150960259939
2008-01-01,-6.339512420535782,-4.3919318399936005,-12.19685192395208,-2.075125828524973,-3.6381452673548287,-6.02846741857522,-7.409946700671883,-5.4262361434149495,-4.628635649494808,-10.779709248994838,-9.795261012584943
2008-02-01,-3.8125669630301178,-3.7264727161722875,-1.1554984922299376,-7.20267501767927,-8.906628798902615,0.7262588293665693,-6.012554701670751,1.8358325671800781,-2.480342858886038,10.63766879599541,-0.9763137509513218
2008-03-01,-5.388760322283059,-0.27776855013242,-2.978222883435133,1.8323153408362132,-0.8271614155062339,-3.0571193730283115,-0.37803426092364045,-2.493171197791238,4.98588593245832,-3.409733747705023,0.17357594174893543
2008-04-01,4.712043455902385,4.978789951846581,8.667816468692006,3.9227618925006795,5.219516801830467,2.07324877034491,5.611970704983813,8.786204319992885,6.856138025073228,10.407508922448155,7.68180133227348
2008-05-01,2.981459944249803,1.4234961025730775,7.701451036976729,-0.7775453901216276,-1.8250895468598614,2.2530438486813233,2.181807940949576,4.292021331098087,0.4999593543492353,4.965044362836663,3.636918503058243
2008-06-01,-7.59849429036574,-13.201575078621554,-9.881898469975049,-16.181925529299008,-16.248638926383045,-8.659336483208504,-2.585085436434209,-4.010333527864435,-10.447787378909227,0.9923102742810718,-14.085259141573266
2008-07-01,5.8287752209193355,3.80249028923418,-4.619712730681375,1.4257845431886393,4.258744935434117,1.9766845800070791,-4.986625281638753,-4.843723584310307,3.893348514662055,-17.682139007663686,-3.4103125016592544
2008-08-01,2.6486419248495636,3.7180457445386392,2.705308504845802,5.071688741882314,2.368152446558684,3.141066660415364,1.2172390414377612,-1.9713505121762775,0.9115291003832539,-0.5987394510510666,4.609887073981726
2008-09-01,-8.062514395487346,-12.534380947665634,-15.916748239868125,-7.619500752023214,-8.272288703934771,-2.0677492844443948,-9.538970116253983,-20.580635245786556,-2.13915541532384,-17.466224603016162,-13.881674405470596
2008-10-01,-23.8162550612286,-19.912487148897025,-24.034475919324326,-28.989586578009163,-24.77053508932055,-14.857853119647826,-12.807375083927754,-28.720349463492365,-30.501759570814357,-24.44086206844254,-20.577277909505977
2008-11-01,-11.32619355289311,-9.22550706954154,-15.4346908674231,-16.833906453181157,-12.471150006623185,-4.444556664083847,2.5549031898294317,-10.582416465253935,-23.451755498592973,-4.6264609249133155,-12.373493631874219
2008-12-01,6.6226763429815465,3.7937749577565207,4.643365374008936,9.016703506814986,2.7682524131694133,3.094773143042571,-2.4609172147550016,4.999008794228771,10.514915542531973,-3.7983631902783808,0.2077707340495139
2009-01-01,-0.7713635561061214,-12.355479045337797,-5.511464403029582,-14.604716036877534,-25.78694532690296,-5.480675966939367,0.16886947031394375,-8.98115133384528,-15.250450247634337,-0.983432407896963,-6.470910557071149
2009-02-01,-10.982761254579376,-17.306709762851288,-5.30974551170029,-8.309389093367225,-18.91729291069186,-7.700019515756341,-14.504893836892697,-8.7027437085555,-20.981042093243644,-17.605475090626364,-6.001916821306706
2009-03-01,4.204094025328488,6.400486253463314,13.682978342491564,13.970478799745136,16.697153547204877,3.9384447901039246,2.280030866377973,13.748784065961297,7.102500938669506,3.654703049310469,4.76677745098993
2009-04-01,7.357422993410686,18.105282890036175,15.941236724124128,26.379025046951867,17.400360058168697,3.904906793496552,0.8206865518379785,15.690616408277378,23.65328534935458,11.956591997334172,17.282865531040713
2009-05-01,5.235640517479802,-0.4436035645281348,2.992011866708058,-1.8670039531123876,8.431897623730912,5.085081423403072,2.441944545176429,6.064075281693616,1.434171257814806,12.487633084804866,2.1972613109288925
2009-06-01,3.977282658961559,-0.36524433055018884,1.8561647864393775,0.08534348541883752,-2.429627596996885,0.47531555462718705,6.553011675297401,-4.2428463503987865,-1.6814921636518554,-8.996668603917584,-2.0092365998814166
2009-07-01,5.424668529192672,11.312017739254854,8.764271085190872,12.613734729763385,7.265309452352607,5.861068814308496,4.518564862779417,11.475009253466903,7.671992344744171,7.096006730705857,5.720332126444415
2009-08-01,4.46359639765078,5.053711042547444,3.571034149803594,5.093209632891134,11.561641997460978,1.7229304379201407,0.9661016771757451,1.2083856870204237,9.17945643826122,-0.03265434615731384,2.3396382340563893
2009-09-01,2.195025606379289,4.493657011119772,6.496263299019397,6.781399233426668,1.7523634967508974,2.1627828513941707,0.7455692059399887,5.644236254704572,5.75537494818002,6.860013356787571,8.298225741162032
2009-10-01,-2.826008620606842,-4.771652417689832,-4.4657709001532755,-5.63984162358414,-4.85615615373775,1.1686216944521897,-3.6451916320668603,-5.018235700036896,-4.498362232185369,1.8826839896955974,-6.494884645305651
2009-11-01,7.2665669689255035,5.928032810348323,5.075599487546749,6.352967984965118,3.4977322756006375,3.0640460028482863,5.109364704311143,9.116236268597254,6.930870541322024,2.0496134803855237,5.573952061944809
2009-12-01,4.542648287840556,5.358680192734046,9.14739102791715,4.45433098688333,0.18240989023431964,0.9209556570248996,5.4665513371960825,1.9434526209022138,5.917836296664056,3.6302703914078505,6.117152252291134
2010-01-01,-0.4102596333520799,-3.31053852157744,-8.388438230349607,-0.5338544435195353,-0.3928975588143434,-0.36179185645900475,-4.395053983728287,-7.347836490646517,-4.9781250200621985,-3.334240688446464,-6.909897106554546
2010-02-01,2.3747458862686877,6.366468222863808,5.173852809928337,5.5134453659550084,2.707692290363497,3.8650932348491516,-1.7878266058825891,4.422448492453159,4.647998436326922,1.5253563794867548,4.5054284441460375
2010-03-01,5.558426569114313,6.834395919374505,6.056753732581517,9.321614106453296,8.163409931775366,3.9201398968040877,2.4748682580308157,5.828893804812359,7.715841905743231,1.9358884135148833,8.737826024152223
2010-04-01,-1.2389113422504685,4.097813553729812,2.926579535401246,6.757490001503172,2.200746371576249,0.6821695903035713,2.37559242159705,3.1197057295945227,5.914009912720484,5.459011407786086,5.868260184779751
2010-05-01,-5.862605687599446,-7.516419917531575,-7.361465651862016,-7.412206956930088,-10.399844264074227,-4.204189487688955,-6.411537126273713,-8.398509123964333,-4.989281420043922,-12.485156629871504,-5.0129333538358445
2010-06-01,-3.8658716466163097,-7.177649290648324,-6.022250754667019,-9.601475240069762,-5.690117839894824,-1.705087081112024,-1.1754979374782073,-8.513690259587703,-5.330855848682827,-4.461735674245131,-8.462794892713173
2010-07-01,0.9012911117237151,9.18531523979937,6.603129772651144,8.612148019808542,6.8996253232358535,4.773379382662942,7.313956052346612,9.644467217256445,6.537695610748381,6.191225497633668,8.040675264001395
2010-08-01,-4.506868095339834,-7.62536450638242,-6.181753455141081,-4.879882974108644,-7.504708587824026,-1.3302726891225551,1.6387909328172627,-1.1200021161924378,-1.7721485515828113,-8.09558412089954,-4.033225541074469
2010-09-01,11.161419713584328,10.70886666749206,12.643993300670546,13.434010397069828,7.9777020367857965,4.306204956664007,2.4494113123872303,8.485069444321939,5.2980883677255095,9.272459926775394,11.453063061175428
2010-10-01,1.6375988442687774,3.848394395023679,5.410191223644758,6.819990491405669,4.035535497284822,2.4838590723126006,1.3098783499672286,6.015179604897034,1.9781988041696232,4.413475756507194,4.977716195790972
2010-11-01,-1.2124703380271016,1.1210390856068266,-0.11682877732397833,5.063037763285146,-1.471427529300809,0.16852640394525709,-2.9323328096663186,2.475126008948298,-1.640366976486002,6.418728423827534,1.0409624708504959
2010-12-01,7.338354447681757,6.776429967241944,7.4068814915829515,3.470540628537646,9.10734660789387,3.0446444926951273,2.537315406553547,9.063137928880197,5.1412268495150775,9.326305036727296,5.150839442463092
2011-01-01,2.8609942518102236,3.0553916815231013,5.484508650121869,0.22513292125065787,2.0400800479148544,-2.4641320675289045,1.286784127369812,-0.7224745430100508,3.5426189070447305,8.825563385205907,0.8104254678240965
2011-02-01,3.6268932536825105,1.3049392141612892,3.8495341167375683,2.0828397853294964,4.037622254908366,4.394088831473681,1.090104260026515,2.6906271852795216,4.0648462116768815,6.399600285328942,9.9290857755892
2011-03-01,3.4699299079223636,3.5724997917307593,-0.5491126474493895,1.2241573356871578,-1.2322147614713834,1.6610443873869887,0.5316275507502284,2.227006394827322,0.051016647466206724,3.872278583025717,0.8673960801310374
2011-04-01,6.784559397451935,2.5431249169100774,2.1933017264330785,3.8949865680889837,1.1303987224628984,4.243283895943442,3.600189120940707,3.860720661359479,4.231816403004068,1.3155749652714568,2.7025890262074874
2011-05-01,0.7789104858196557,-2.8172396885437823,-2.0301095784360332,1.6447411735419528,-2.38325621072369,2.019261188312765,1.4771639479419914,-2.6240631718412133,0.573175920693473,-2.967013729446611,2.0334138991308435
2011-06-01,-1.0458811112100912,-1.0785294175706692,-4.279286191535175,-0.14708983394775335,-2.5675935319114953,-1.6086779405969316,-0.9837967559302258,-2.298549661352344,-3.086089296927572,-1.531877696751681,-1.7227459419691904
2011-07-01,-5.6579030035760685,-8.249417977927585,-7.088099229915498,-2.127210203223963,-4.375005481140032,-1.4492085638190637,-1.5706742925058053,-3.0048534063917387,0.6997848233337487,1.3139715991338603,-2.103566087896911
2011-08-01,-5.870102269786757,-6.490483978546811,-8.195357231927199,-5.808927385377445,-8.609468242594478,0.022867696519925877,1.7721104972260584,-7.222031575561616,-4.888504566935004,-11.558969292391554,-9.26247051891124
2011-09-01,-7.32664869381095,-10.525795540042639,-8.379906851868519,-8.40414591993559,-9.939438533808996,-2.7758086512867814,-1.2164633523822463,-18.696416945025735,-11.021133137062261,-16.939787909911324,-12.651925392890147
2011-10-01,6.863613788628005,14.393166470448747,15.114430506343057,14.182335295219561,13.247410379281906,4.694953470023498,3.8932754774679745,17.46014497522761,12.16811618953641,18.75448598685012,9.350718360159297
2011-11-01,-0.8630178361760518,1.8852686848718223,-1.0639020574512184,-0.5236392429863972,-2.5705515294852694,1.3913123331626687,0.39363930681419135,0.535956868445498,-2.1523918119933088,1.9053086706675153,-2.02082127982997
2011-12-01,0.9475125436395196,0.7464841450708792,-2.134363338032756,-2.6035435242919998,1.2459612993771971,1.839171439355473,2.4391601050604113,-0.5265784183368737,3.769227842245546,-2.2985095531173294,2.5892720123553152
2012-01-01,7.989210400383462,8.873888198644252,10.185280557711836,7.90745676409152,5.186036261328682,-0.5019288061181547,-3.0573833884998636,12.198513674054919,5.695221927982137,2.215561564438626,5.083094349221536
2012-02-01,2.3157565526215422,2.55588311841014,5.222323042726366,5.7293339013293565,5.879585356091215,2.4484925181759714,0.5408244580853911,1.0629303410805415,-0.17532866912050651,6.1906625092761995,4.018190540981591
2012-03-01,3.029379303608042,2.2256206609245903,3.5912507587466362,3.7568666318516812,4.85001181869802,3.6447330209071085,0.9630773346077588,-0.8939064249198658,4.9527455767417505,-3.8353737181965997,2.0998460029358683
2012-04-01,-0.7559888714922242,0.03552730670545235,-3.5054871144963418,0.968032913946343,-0.9552821642424777,-0.07922733149066898,1.990213733665665,-0.13194862172428892,2.298914185410151,-0.23730527370678436,-4.3714836880116845
2012-05-01,-3.158542686791274,-4.763490973013462,-11.86067187498907,-6.129056213496354,-9.033707892460624,-1.220229224943215,-0.28349931832931,-9.67828106865078,-4.273300738611652,-10.95742520771859,-6.018157380320883
2012-06-01,3.7460622138631985,1.6887404311417054,2.9355912625750733,-1.6489685376850653,3.666229020478502,4.615246471556454,3.8378854117971017,4.780014367315415,5.896730090446335,4.228184521390654,1.6088010415276335
2012-07-01,-1.2534638332662036,-1.1439238952686002,-0.5466041996568729,-0.8747169401339179,-0.005335252515793896,-0.6742900904670831,2.9181442183805775,0.6815847373078625,2.2421392472557846,6.272310099677033,0.04562486881239133
2012-08-01,2.9998980280185115,2.337054809714001,4.477788114829876,4.988210196261875,3.5789971300146752,1.2416505005806295,-4.416287980546695,2.2624328556622344,0.36280910442536546,2.550619962564726,3.540909438132858
2012-09-01,4.229851141993042,1.5512981874683196,-0.7141253152695496,2.823999925451025,3.0550612298101307,0.9764822483305402,0.8491509265169342,2.896327091788838,-0.886062740276092,4.428056337423865,4.185068028444988
2012-10-01,-2.78049322366898,2.445037381560944,-5.910435708729618,-0.3584642749857319,1.1625485695642868,-2.778793959873737,1.3586936697135201,0.4610007914669939,-0.8743085704210979,-1.7450424530336885,-1.9565639069431597
2012-11-01,2.0988192826504632,1.96963722687872,2.60957848929224,3.547818294677836,-0.4322987393781881,3.396930133624763,-4.135788159220243,3.1589638403498723,-0.5350397446572566,-0.6400737555911954,4.165120465127836
2012-12-01,0.7027055072134314,3.240637681337475,3.726361714186379,0.42488621756032846,2.160513934864621,-2.490351510774979,0.0013724257346069452,3.13923582116575,3.108540526096478,1.69659282373822,0.7333928192115331
2013-01-01,7.929493497476988,6.211992169174299,6.012211087592598,6.265074643103345,7.546298980028154,4.251506504101059,4.500869641571237,4.314758473579451,3.3504409411652945,10.26796764391563,8.510353167113415
2013-02-01,0.8801387034103209,1.0233465515258973,1.6987136083330225,-0.5620112408106408,1.3024380733360272,4.735349902257589,2.3464853967684793,-2.3896453917163663,0.9196262541385599,0.6929106878862453,4.835270939977254
2013-03-01,4.506448696901517,3.603839908713679,3.503121860954099,4.430771891765728,4.649739088349173,5.673378698418356,5.299625822568829,1.1144896428911037,1.9286204635035529,4.293673261630558,5.173348571747358
2013-04-01,1.1341515145370777,-0.047945683131791,0.14605340745642095,4.537129755977059,1.581594029518061,2.2673410538865415,5.712118808731169,-0.48364575296538287,5.368858892803426,-0.9243126718824233,3.3561568812553997
2013-05-01,3.9987858168031156,4.631368872606799,4.632927915952159,2.529157710921401,5.262635803563766,-2.898836064361026,-9.326469968828052,3.8570273824148393,-5.548701900275339,2.445154726879856,2.413736710828904
2013-06-01,-0.7019254079175905,-2.9976796279792604,-2.27049045681332,-1.019098458042086,-0.06794018113547917,0.6380525255768483,0.6986844724659214,-6.1525222119953895,-2.462359171802632,-3.426559779183096,1.7539429116245944
2013-07-01,5.555982507609577,6.33253528814247,5.713574776549123,4.154940116309688,5.433611248417746,4.448802144991623,3.8849495177881392,4.210838138455796,0.717798805982329,6.436734272872067,7.104883076818537
2013-08-01,-1.3916580268049743,-2.75521058466682,-1.4951677497091236,-0.7219942519455104,-4.425250889021853,-4.340525813739174,-5.6475843290089704,-0.24098627056449348,-6.49727406426062,0.3483604097953618,-1.2154459185772066
2013-09-01,4.745554523993492,6.360278332548997,5.952926765927426,6.071815313925868,4.163164574387006,0.5157563253504405,0.8728112900394013,4.623399289199204,3.584319156005462,1.4337960184977894,5.888678268904256
2013-10-01,3.438711148152562,5.259534020844981,2.3165993859822156,3.1399337004450203,4.434063879175013,5.821280464989395,3.6298770433676646,3.786086845040284,2.5849559700561997,5.7917057670275645,5.36798166039008
2013-11-01,3.401023617229711,3.423734098888813,3.4416400446508892,2.931714934142382,4.811707911475267,0.7315181585474768,-2.7215511816081692,0.23313079730227582,-4.543706833917435,0.9636098121348908,-0.403772450403206
2013-12-01,1.0858319275941166,3.6296530460582863,4.371422232954141,2.3203714657678405,2.408093528566438,1.588780443408925,0.6918682338688854,2.2735841349318733,0.8530089829806999,3.5935267336728787,5.853630015541738
2014-01-01,1.6205956140324085,-2.183954081956458,-0.4133239686321722,-5.073087512001977,-5.257843688866215,-4.43042936337686,2.234531020947867,-3.8418538016487496,3.557055496849288,-2.913610831605601,-0.3139650709936512
2014-02-01,4.353788149742871,5.166867575862749,6.052819859586786,6.739001823783728,2.4555522704462955,4.0771256913519025,2.917007435011736,7.630176777862317,4.671799577164334,4.180914399519977,5.038640089985054
2014-03-01,-1.0652070388941324,0.4190408677294231,-0.9480554511620136,-2.4409392310377847,2.0397305085243675,1.7575987791224048,3.0377772621286936,0.6818937999787854,-0.6666930480138668,2.5563755968021855,-3.67988782998955
2014-04-01,-2.599853595092847,0.06597913828101903,-0.9415255414259311,-2.385326709469715,-2.5876598040974272,1.3064714951776952,3.5594646645190315,1.0722998652580933,2.232726765443056,5.741359222823199,-3.1833300787090906
2014-05-01,4.289018376621129,1.4158069522367172,3.5296143468680166,1.629861767630504,1.386237667268121,1.8567786453542552,-0.9288637942883857,0.38426368820182544,3.5174955216023913,2.2285364803932977,6.667255845593099
2014-06-01,2.5067676760317257,0.7601665195582077,4.86394435128841,1.4690006951458479,2.805765398112521,-0.05040807698174027,4.336704998108696,2.095110838629531,1.458701403137426,5.436758952469436,2.8865695735593166
2014-07-01,-0.0880447341634501,-4.094089698106482,-2.235922938484927,-2.602102786132204,-2.0305962420564683,-4.04752044032519,-7.487659974418731,-2.0576459100931235,-0.10042247046803796,-3.4859749604864305,-0.6307800820334462
2014-08-01,3.974007148873842,4.652780673577898,5.719974662363399,4.707109593463973,3.931492696144094,6.028609667273095,4.542709126308362,4.154196903482136,3.3346524909404813,3.704789425808852,1.6492041997909808
2014-09-01,-1.2856338093637063,-2.8188770200612367,-2.151600924854542,-1.718612266123449,-0.8693174858237938,0.45923940259843454,-2.941870341704049,-4.388975694867274,-5.456422303307517,-7.609563678940773,-3.0921691994806046
2014-10-01,6.72995699557328,4.922053154822321,2.5502488478959564,4.0399098401951745,2.7676029914325166,3.3084636700895715,8.04050275939196,-3.0791619004072794,8.720595530091419,-5.339080645978586,0.7537030942116558
2014-11-01,4.303551301393812,3.0686943227911705,4.434408869036704,5.745341283974443,2.392246372115143,5.319030272118638,0.768259260999856,0.5658603552663255,3.0806473049954852,-8.295616128228447,1.036291894118747
2014-12-01,0.23076509573533668,0.8578693018822142,0.12189558965698771,0.5939334224949788,1.511142670683011,-1.017388016415311,3.0093639391091496,-1.9780143242620114,-0.005783096633590312,-1.7768387030315045,-1.2456132425555593
2015-01-01,0.21538296143187116,-3.5991021949605435,-3.707218118759668,-3.056850392370137,-6.5389522557513535,-0.3482596467682648,1.8753543515150424,-2.569304467279914,5.71075304923285,-3.286582767315787,-0.7556091010659156
2015-02-01,5.489100894197235,5.4139823422590165,9.562767230638176,7.079797083241635,6.359016342728102,4.165178730804468,-6.693701461140992,9.943665512811364,-2.9018704518739638,5.884666038533381,8.140697589179387
2015-03-01,3.152522841060762,-0.8356626926289381,-1.9643867410226565,0.34688022977689975,-0.15892301379053636,-0.764985144322214,-0.7747961773610073,-4.459971619539521,1.3942043555416797,-0.6693058611647271,-2.1193209807218274
2015-04-01,-2.7084765049914767,0.31663051446779855,-0.8043379214212769,-1.3551684196208686,0.49294726472567774,-1.775986270450747,-0.8144489394068846,5.2648162331579815,-4.174012724369962,6.669585580234104,1.5456393982556007
2015-05-01,4.9764804911311735,0.03545794629623819,3.1892239447608937,1.356765914146152,1.9464752538681445,2.0932090950108093,0.035367757750222065,1.0618609490275468,0.2771721330522813,-5.678770671303827,2.72945187014728
2015-06-01,0.018233713541916097,-1.8789686867982147,-4.712681620004752,0.10648873310469892,-0.05584853441513547,-1.2937188576790544,-6.811708854088984,-3.541089513205462,-4.4083944755325275,-2.6055323947678555,-0.8635013729314329
2015-07-01,2.6475927639947425,-0.023302262829679808,-0.6234695160667798,3.966615154551536,2.732120497031862,4.027306175763183,5.506513227211144,-5.844753400169166,5.154921940997664,-9.040560466797777,5.5834793857181175
2015-08-01,-7.0573762981468,-5.629342637750209,-5.594305756028225,-5.193678608290452,-7.105051536738232,-4.207197377563766,-4.2783765259924715,-6.03862039436687,-6.766061448310654,-6.541433981529925,-7.358727761754277
2015-09-01,-6.280432068339518,-3.867954232021393,-2.1197357546073405,-3.040996385389185,-3.2106587160067046,0.5283385854920495,1.9407972863356777,-9.63959668092778,1.787376747726514,-10.199857887257808,-3.032721516876214
2015-10-01,5.868795357544318,7.677460563284149,7.561397813681992,5.821350881309418,5.5541981255923005,4.108824788266091,1.1401845460887565,12.96427886332406,5.790799735159773,9.860980420849138,10.72876836152423
2015-11-01,1.8322192594831488,1.1681759340861166,1.1472406061236162,-1.5211531071936077,2.4366768225663678,0.12497752460899428,-2.0978228465563706,-2.0851680336981118,0.08392658985262805,-2.5473153533183948,-1.3601516945143244
2015-12-01,0.5649286682310379,-4.338192327373541,-2.285158862796178,-1.2264159932117655,-3.34117923174756,2.21958327810858,1.2978882491383104,-6.477796728399291,1.0135876225282747,-17.31479055552744,-2.324701992842924
2016-01-01,-7.976563163722955,-6.66737848402668,-9.798856861284163,-6.997403219794076,-9.466134378528869,0.1127876367656948,4.28354337954901,-8.4591372627638,-4.020344061527577,-4.778866027780459,-2.681816786622379
2016-02-01,0.061915861629547445,4.779477023370875,1.5679749402133798,1.8341302736816665,-1.794409068462158,0.6604099233405911,1.8832024817557738,7.6990889141221315,-1.6347436037131606,-6.002542829634742,-3.317225949083126
2016-03-01,4.957253703066801,7.528440941181185,8.255423093068716,7.818220658120741,6.710898041520672,4.121045259878457,8.678338802588353,9.29254253422808,9.617652322045618,11.89945164611615,7.371894057709601
2016-04-01,2.1858345960214547,1.1018910068120447,-3.411454815355235,-1.1471595490597608,3.047717035688209,-0.872713385011601,-2.0074261499698323,6.311525160542695,-1.824798789764226,10.656016719155689,-2.3199646330141066
2016-05-01,1.9808666182847467,1.5041021861826982,4.9679284698369965,0.37734303747534337,2.797837509078887,1.3418908538086711,1.8849029440292837,-1.3559997991154453,2.371548245832807,0.5359679832876934,5.07495087462968
2016-06-01,0.8332627800658386,-0.7575705813075927,-1.4459725035976103,-1.5143274866751106,-5.371616135959445,5.252550290075896,6.9744410115041315,-0.7804461067270763,5.1743824330350074,2.4098941210169844,-1.4220029243161874
2016-07-01,5.860654216700333,4.976290506935179,5.6762532226607645,5.970721252531069,4.42225593833303,0.17426869604525716,-1.1674458525486568,4.239539705784734,2.421322724202271,-2.110328254917727,4.507472929457984
2016-08-01,-2.1675001244847816,1.287921814600851,3.042115090342544,0.010389394942336937,4.263605671312731,-2.7565390504861087,-6.446259008018815,-2.1246158536017816,-3.6391572938645798,4.08009809057727,1.7342873069736833
2016-09-01,0.061601871244024026,0.20399061162055696,2.0047715505145205,-1.3412808613921468,-1.397184222055825,-2.836624528172088,0.22619850935633096,-0.6990573285612323,-1.9965863124113483,3.935892356181978,1.8309355002238021
2016-10-01,-7.962865324784734,-2.931126490463693,-0.5642677411759197,-3.2179746921876786,0.3648963997864242,-1.1854531296640032,-0.03856558194285136,-1.507753520579645,-5.49002899347087,-4.637513955415107,-2.0223213800305713
2016-11-01,1.5245985090589138,9.299674207319608,3.6562303646649883,4.4541482682003934,9.796020546914404,-2.684912391602668,-4.677722598404567,10.114009445082713,-2.813824625126436,10.815212490565438,2.492769162571838
2016-12-01,1.360296495068294,0.09606179979239575,0.44984692386049413,-0.19651020141852968,2.404108885926979,2.2121903440109123,4.351851589341304,-0.6510751729062878,3.849454831773418,1.2420544906075561,1.3546986730713384
2017-01-01,4.346728808343766,2.942058801097735,4.236455210924213,4.101571400813675,1.4688461673645496,0.35416762818615777,1.9017444123659673,5.000721725145739,0.05962095071164905,-3.1816267205210593,4.998685753186094
2017-02-01,5.0391044061632675,3.5380894035833452,6.092954137058325,1.3737064438173339,4.472410146425394,3.4073569568329876,4.207748332671638,-0.29644633805459975,4.493626912739861,-3.001738466203152,1.2968975431696588
2017-03-01,0.539255722177291,-0.7804533738645538,0.6544995993902873,1.8339437265860283,-2.0235579994378834,-1.0027767054589078,0.1803027964522112,0.272988751327834,-1.572916765581767,0.05704249272811184,2.1748527974413507
2017-04-01,2.5350303965157717,1.1685708299556938,1.6226812438922817,1.9136175507486466,0.16136838241776233,0.4965809887449959,-0.030095196756112646,0.5974957349012218,0.7606634388483621,-3.293661571220281,2.0555461244388518
2017-05-01,2.840504472399532,0.6272934311419849,3.766141941543764,2.821143147406607,0.06748576744109805,2.0183732014732403,2.9236471194844844,-1.2981119260945904,0.6660855493123408,-6.109596441653909,3.4637992022865625
2017-06-01,3.850664154554247,1.6308261843904688,-2.1333676258678227,1.3358872319807178,4.447033575417711,-4.205606590224608,-2.000510621623527,1.2932844426653696,1.2652598866390468,0.651573015153632,-3.296261438721131
2017-07-01,-0.20571102076043607,0.26875925274350687,3.515061998996961,-0.8351700683152115,2.405790469709353,1.046982941248721,2.9482986549170107,2.5335640088043463,1.7575861929584198,1.7745944937244038,4.416851760350808
2017-08-01,1.249423362782318,-0.6713248070451503,1.7037110633780217,-0.0028853833722111547,-2.0307438050660838,-1.8233769505808368,2.9761390995615424,-0.15965483829369478,1.0019472664658087,-6.1860939477693755,0.017078030893369966
2017-09-01,-0.3978983652579396,5.064245956642014,2.9691095780479766,3.337097244472258,4.498802002635975,0.3260562916391587,-2.7266158020453464,4.087233469424071,-1.6751084540550538,9.413694080787101,-0.03477467777434715
2017-10-01,1.032155196289908,2.6604493523769013,5.731905287983585,0.8739301271544673,2.0329536861431285,0.39578767855108465,3.7902527402354163,3.602405929166488,0.7294681577764751,-2.0722936422253415,-0.8197152102521634
2017-11-01,3.286436142757906,4.315885742522819,2.692682772231628,5.211689622747374,3.609041903692188,5.936947984494388,2.7475650175937916,1.5564396191753624,2.4801228121397876,1.6104613111142714,3.2101514127145654
2017-12-01,-1.0750799108015439,2.4156337801071044,-1.0235246275737024,2.396356293470641,0.829006970034847,3.0236918500103096,-6.60382316806553,4.01254156414488,-1.117485300690888,5.652273064693895,2.8112498427953314
2018-01-01,7.998343886222495,4.096164140693911,7.730605858536377,4.627108014455712,5.097164578274145,2.725350276681323,-2.756744841343922,2.567531075819769,-2.660725624579977,3.032906319732928,8.240021700695852
2018-02-01,-5.1856525309457275,-3.8488480930129443,0.19283023857089848,-4.332992828301636,-3.0503310600655835,-6.200994304943276,-4.538250588043867,-6.203317154530291,-7.119830574311774,-12.412952912047814,-4.149102412764106
2018-03-01,-1.447602619619255,-0.980192848247136,-0.026753135517182898,-1.9213265855858084,-2.568144745187849,-1.0252460337602183,4.324045434067608,-2.9098179227141743,3.4307119884131305,2.3469894991545055,-3.9331135381620337
2018-04-01,0.468443960215065,-3.5855233794824084,-1.5513906411317004,1.7912500018405588,-0.36434657396454445,-2.8313542357339223,2.5758087209123715,0.50599592074811,-0.04869555903943582,9.204807687670602,-0.452596149332306
2018-05-01,1.517826583954989,3.730906951629877,5.993791215583598,1.7127594776344957,-0.3394982677443516,-2.768004360640497,-0.7260216375296314,3.0391834648842613,2.270932629220116,3.3454437662417176,0.4013353272403334
2018-06-01,1.890765408182596,-2.5319612338592936,-0.7291618987755017,0.2912094733909372,-1.5388277754131252,4.943761295817506,1.8656519836163536,0.2707363483477908,4.151164215834592,1.3272765603984296,6.175915423618928
2018-07-01,5.291352648393418,6.882595146974788,2.0179318724784054,1.447412287274138,3.5315656251983985,-2.5510057240465276,1.4199206480953896,1.5767377720263018,0.5223622264233659,1.7152917220369552,-1.8129988637498644
2018-08-01,5.1359774695222855,1.3439339584273247,6.096155230937616,2.6485937890968474,1.3503332785535243,0.9135890884496501,1.3505557775246,-1.4271413536803021,2.4152671861966595,-2.2698063207485575,2.5107303087746478
2018-09-01,3.1258492965187834,1.0084401037731976,-0.8154779266436969,-0.498066345420729,-1.987509481436545,-0.5680489949912888,-0.4928248122518345,-0.3805318202782267,-3.066028839816394,0.7684446932470442,2.857126351486461
2018-10-01,-9.405033994303109,-12.702642295228316,-12.015362473004892,-8.559983191414727,-5.621703959470687,0.5505734913723106,1.2179540655340932,-8.484393288386446,-2.8367091013914068,-14.405134195114375,-4.590147838674875
2018-11-01,5.443769911659235,4.4690202380479205,2.146895409632537,3.142827899997864,2.197031464309206,0.568782784694608,2.1421875388246927,2.3889635355419148,4.925749239324416,-5.635141348940547,-2.3451569543644637
2018-12-01,-10.590855866014508,-12.036530494122621,-9.056334989925126,-9.615779843122224,-11.019997598598813,-9.516100456165628,-4.314643363651559,-8.818273792641701,-8.403863418515995,-14.012557264936895,-9.504648171944957
2019-01-01,7.909423463637498,10.142006127366074,10.422583200610825,10.419608665298357,8.330867804149346,5.07153762855685,3.1087370313117324,6.291571190390042,10.789361306109745,13.601692080285739,10.651263438771364
2019-02-01,2.98375550386366,5.22304245735692,8.152083242089681,3.561054986961993,4.412271871488106,1.0499538205689198,4.016171107028383,3.529046892368794,1.4449422262813691,0.6403586258925235,1.1821008835857045
2019-03-01,-0.38869520936489493,0.03368109009042266,2.227074840898987,1.3720877943669447,-1.9502694040299045,4.079551979076907,2.651691312255043,-1.084563912344509,3.7194694696393134,2.7339077029367536,0.29508067988282044
2019-04-01,-2.1122939127911784,5.17530801891674,6.661458864914911,4.256462519466663,8.094473778626057,3.1385208065549666,1.25573861219726,1.905757805868634,-0.3908471711774077,-1.4964671337313165,5.13984941418847
2019-05-01,-3.4207246234471773,-7.926995666257073,-11.147161383295103,-7.659536747386609,-4.791946067666231,-5.245530990724407,-3.001130363521385,-11.09265109357761,0.28544634372459227,-14.309212338308436,-4.392390178406656
2019-06-01,7.364485272823944,8.847073218655929,9.203259697979936,7.172992966267675,5.963845013114749,4.256887671983626,3.85014266310152,12.256828735230645,2.0125346122405614,7.895577792183435,5.930968377332426
2019-07-01,-0.07486053474958553,0.7949964953522766,3.137274336331588,0.45518749496001565,2.5093076660137723,1.5607328590724077,-0.9709446889583795,0.7434840978537435,1.457933660694422,-2.797267939983428,1.631420291545641
2019-08-01,-0.5072117702634384,-3.057552757003075,-2.69647387656093,-5.620226194033246,-4.18622608183684,2.0272205456381385,2.2764605195327614,-6.952880223376689,3.7064867868817015,-12.001531513875541,-2.493155401942969
2019-09-01,-0.8529322648677828,2.907000941294967,0.4287909350587216,3.1979829820780816,3.087074196011749,2.094236332509491,3.5346408056960317,5.366430902921755,1.6150780878151718,4.8092751900401405,-1.15874047224498
2019-10-01,3.670861516056422,2.662649966409691,1.6823425718966736,1.374262872487282,1.141260874885108,-1.6240412221889968,-2.891729354627769,-0.7970701336855999,0.2901458984552737,-2.450347586929969,1.3282985565208933
2019-11-01,6.776361110194896,4.272264145819863,5.762732868020933,3.0024917294584776,4.464176260682434,2.0774418414629072,-1.7782897401333344,3.768541588283578,-1.4993618996678317,-1.0615757267452295,3.386646322801477
2019-12-01,2.0954703365006524,0.6740441431067979,3.3190835588408834,2.573758644369043,1.2872668718329836,2.802563179185726,3.9716195684285194,3.54518900261444,-0.49144663252713916,9.211742142420972,3.4432484850802636
2020-01-01,-1.6136681736121261,-1.250440164534076,1.6061582406906871,-0.6716525944119025,-0.39930089704286165,-1.1624695269453882,6.015746308701429,-7.995779741391618,1.4120155107823393,-14.168374124367558,-2.075627903770101
2020-02-01,-5.167475274639549,-8.949628477215466,-7.6523343708335965,-9.582266879263738,-11.646422240151837,-8.651754932821127,-11.36199105597351,-9.833791325953015,-6.990799176288146,-16.112148830755924,-9.698324230847941
2020-03-01,-6.978494961249011,-21.41790848600159,-14.865908609149814,-35.27590408845202,-25.505109296461455,-6.847137457984796,-14.209561879065689,-21.179502056618478,-26.146447553073283,-63.11663376290308,-17.591936228586363
2020-04-01,13.196235519315564,9.012730282755024,13.787174535544063,19.374417259820955,9.511485027316532,7.96216865221669,4.939542989418902,14.365443238355573,9.126477593474272,40.07785093027517,10.253915847454955
2020-05-01,6.253458641024212,6.2335335391125435,7.481673803018719,9.104874207066487,4.4533314889087805,3.5909407790610337,2.9161040196341497,6.573537615466399,0.8757888549305218,1.3847843543968528,8.019089673825032
2020-06-01,-2.204971752724509,2.7110715746854535,3.0978124633179394,1.3950195570062138,1.5681439653441527,-0.6730799498835801,-5.012402234666499,1.8957896939280068,2.3759583303457075,1.3279045404420808,-0.1422099236567346
2020-07-01,7.132525205205152,4.498198206816862,5.135107480657967,4.194931029389473,3.1319076587297476,5.677760652025461,6.232081118668452,5.638422661350445,2.3646669049424665,-3.4355048737231075,4.745119990593768
2020-08-01,0.5880494507229957,8.041942215472998,4.212016079502793,11.247626013904675,2.910338063760617,4.326331094545021,-2.9883748660400533,5.3950172051961935,1.4656075228793475,-2.038761393872367,7.541444629923131
2020-09-01,-1.8999127870672115,-0.936570686647768,-2.673525480707749,-0.6345264653191066,-3.182556049138928,-3.1407847356033334,-0.24088039463344715,1.61514617564481,-3.1371043099278006,-17.813176076218692,-4.221128872066369
2020-10-01,-1.690551689753623,-0.009146309365915853,-1.1746124387562513,-1.6297358905642938,-0.17630991770127552,-2.8024325976094766,4.313548077214318,0.8180645756400586,-3.1223977389699455,-2.7798286168330706,-2.7353243180507025
2020-11-01,9.074391222191688,13.538216145937412,14.986374254564781,15.107735141182813,14.174462806894548,8.514508740106168,1.7823648594630652,13.728162553212394,11.686163565993917,27.821214402833434,15.761910798820695
2020-12-01,2.931748365263645,1.8044820515457327,6.658163171022152,3.907926628549959,6.020044759139451,1.2050219377865294,0.2995914156487116,2.7554567165561514,1.7534687810785825,5.698339794745119,4.677196794368432
2021-01-01,2.0187216090132267,-4.008868518126095,-1.482570175687588,-1.1752040842520048,-2.3909147419734986,-3.310655378671206,-2.242850248238254,-0.9629132627230735,0.09898999556418278,4.637970989825201,1.312942281993912
2021-02-01,-1.8593382313818814,6.931195747100403,3.823225888032887,8.967730289111962,9.509191766318263,-0.46679252169506946,-6.081226904299518,7.4026838984910635,4.825462153777369,19.898845359358905,8.14890165581714
2021-03-01,3.5947376835684492,7.993344856579834,3.212995833703603,3.849889163276003,5.060248424519354,7.2299301305644486,10.499562130221955,6.495153810448602,4.876579403164271,1.4657054765125983,0.17182645181019557
2021-04-01,5.267209933809058,3.8156300644084866,2.9557672656892695,5.31539537801265,7.189022796607745,2.503299016146171,3.72967021193315,5.476696239464869,8.030230579590926,1.3796966256111942,3.6712973731152605
2021-05-01,0.9361963747532763,2.5237603979103467,0.37883645702146146,-1.055281521868173,3.134204772691635,1.4044728174297214,-2.8600611273296095,5.744972750516664,1.3119319150335336,7.330834103858436,0.3342797007061135
2021-06-01,3.1569453706985233,-1.3887861511696773,3.684870313555435,0.1837679043529151,-2.682222749530834,-1.7888932992075024,-1.5433735503504225,-5.999316963256901,1.6040434551795448,5.090725899344395,0.24935006373599686
2021-07-01,5.365715410081211,1.6692083438077787,2.8992704532422144,-0.02528587597901501,0.09905277948234086,-0.4425595855368329,2.7035223655697918,1.7123947244155617,5.051894610165905,-11.231014979776376,-1.2397858942043878
2021-08-01,2.328576212906172,1.6084918845707097,2.873295033010102,1.983584527095722,4.741396953059522,-0.4594532610595869,2.6729658919964816,0.7609647596726945,1.8526577839864005,-0.582958437783311,1.1298281044560157
2021-09-01,-5.7396878100295785,-5.7560919680130205,-5.638053045198403,-3.3571412220140995,-2.834856227714844,-3.4296336486765586,-6.530405513892506,-6.631087650533565,-5.416433992175162,10.996885374289905,-1.9312531469317427
2021-10-01,3.1091345541129076,6.299121802026569,6.177167140689729,5.357013461628725,6.241972052579178,2.1537014445326563,4.3330673139452225,7.716346312300075,6.0450179119983325,8.861396983052124,-0.7140280163717185
2021-11-01,-4.757430710962682,-2.7341652181756344,1.2023447366145645,-2.521812411628788,-5.488555152711387,-0.7772067296992005,-2.2819945108146884,-0.9507824076910526,-1.7271562007435208,-6.496669861886693,-6.683999414421437
2021-12-01,8.236150086727442,5.199361795368258,4.294161660930938,4.434907458858793,3.921552670532455,8.938792468570007,9.364350030701642,7.641676478502873,8.804787566870896,2.879379875090678,3.8326510005063685
2022-01-01,-8.826432174802855,-7.085700114954347,-10.48351869604094,-8.38015623685094,-0.6148851719042701,-1.152106788314718,-1.5778315329449426,-6.697024845695011,-7.303827693610287,15.841322315099667,-2.9727627761512334
2022-02-01,0.16491832172907986,-2.0965109552171444,-3.8263188858234276,-3.5428061921105893,-1.6480315083422084,-0.5749805668056456,-2.612743415473246,2.3426237827016485,-4.135867285359314,7.019716641209848,-1.1095231051344525
2022-03-01,3.1695575540891414,2.163027745538656,2.5854452495750775,-2.193416611908238,-0.0687297357198588,1.7221902827234408,9.346524317965148,6.732827307701185,6.0843953518181255,11.082004650179766,-1.388531700911053
2022-04-01,-8.309772568467121,-6.536631394790973,-10.808822379777896,-5.831117249849368,-10.108907013748288,3.1116840648600554,-2.877401564599231,-3.8874142464552324,-3.747510089022636,-1.6364675481433872,-17.295111392161044
2022-05-01,0.7610826797065415,-0.4559363252584786,1.1733278267398415,-3.99083032367655,2.7910632822969506,-4.0330338960915135,4.180729942484517,1.5373800746425355,-4.94915772257186,14.540024687160768,2.3826358100498766
2022-06-01,-5.898053861287853,-9.394819193759412,-11.10338634556813,-14.059235646852875,-10.31215141217673,-2.422526206189089,-7.393791080810378,-17.89695991487815,-9.430981720441894,-22.144128317523435,-11.570962908019787
2022-07-01,6.005313797697255,10.794623037291363,13.010590530974024,11.883491654860226,6.267914030522553,3.4999551652984118,5.04902106739068,7.344976335173055,8.283361930860396,7.877987515579999,4.744942314734945
2022-08-01,-6.715758358136508,-4.094262255306571,-4.785303827656128,-3.086488784708242,-1.802571519300971,-2.1433902842197794,0.851147992929793,-2.1128491571341823,-5.773257733349647,3.8994993038334873,-4.270191470221764
2022-09-01,-5.880781405597566,-9.847605355061896,-11.607999136785132,-10.209666008976152,-8.095493406183346,-8.449289300458533,-12.326664333153282,-10.640959718323987,-12.478599563097859,-12.091611841407182,-12.91737139684156
2022-10-01,8.792895213125114,10.841313506978702,7.782485911268998,9.952407833425891,10.871852419916705,8.938366426824134,3.682793154014736,9.235147054612737,3.008307539576168,21.310095450920414,4.921209453127741
2022-11-01,5.808309665837811,6.806235083746558,7.271730743826859,9.359078125392108,5.873942189909581,3.950280477426177,6.548164297576987,9.70764995490486,5.847485347837402,1.5370028669645277,5.948765789253551
2022-12-01,-1.999851360890526,-4.5316564476452035,-8.273437434070384,-7.753786653317889,-5.737716160104051,-3.304087589089006,-1.8962136350780783,-7.096180521802628,-6.410137155101347,-5.156761035302124,-7.450372939990555
2023-01-01,1.9802291839693402,6.6011823763340445,9.193384976614116,12.0770560012287,7.825493962242332,-0.37771235803349285,-0.42524747270408914,10.229569515249967,8.986614382908686,2.7052674135718022,14.511300437492446
2023-02-01,-4.282652108405676,-0.6592223559622025,-1.181222704540993,-3.078548664575172,-2.758505370512832,-2.1863651768461314,-6.186925976324869,-3.4627054783281577,-5.8839763421362274,-7.2288498007737125,-6.1440791572050815
2023-03-01,1.7030260672152522,-0.2274584036540945,5.13018836379878,0.5345511906732072,-9.614527307044957,2.600841971196582,3.948260888469762,-3.4930917260049084,-4.54502645114171,-1.8452892731127095,3.164373047231135
2023-04-01,2.3866092219648474,-0.7359885353985867,-4.8135034945003525,0.9434484156669286,0.8344911521214387,3.050084246331499,1.6283765130314984,-1.1084054841878022,1.7369577928469508,1.4426860622944546,0.3338524682549103
2023-05-01,-6.616064050367195,-2.9748736176384063,6.24555274852359,-5.13465043962772,-6.006897873278907,-6.3815512620001895,-6.22143087698765,-8.367035489757974,-5.019029244032797,-10.014813687319602,-2.077698790659767
2023-06-01,5.771467942455924,12.182559558467252,5.9553984935328605,11.649115349497922,6.082729570730767,1.4417158639760908,2.2383511499200934,10.568920975466868,5.991373875786042,8.137374216762915,6.222255508412723
2023-07-01,0.3028183993721784,2.4155986472024407,3.691928459452826,3.19049334487102,5.510298950663384,1.2203711878043575,2.9371955579683413,3.0642184645429964,2.1856228253338315,10.089343856450258,1.1934810427097928
2023-08-01,-3.576114369832736,-2.459275338815232,-1.4270656350552806,-5.499215267836683,-3.812979800079827,-5.5555251879609076,-6.380853213265855,-4.1044593250623125,-3.5519639155248126,1.0332110634825584,-0.8755573502103219
2023-09-01,-5.335946009819337,-6.460956806725911,-5.09248894262328,-6.077524568874693,-2.945093743546831,-6.761247551158701,-5.09595497664029,-6.114445911794754,-8.230422912780543,0.11979490390887855,-6.0040826752766865
2023-10-01,-7.502983815381371,-4.35168328355449,-5.1980109157619045,-6.13306936690291,-2.558284648642511,-3.519389221075632,0.9340441011715487,-5.865066784942559,-3.9832429340279543,-2.6171685352700957,-2.1886811321231856
2023-11-01,7.757584237492101,9.225040117388062,12.359457278674892,9.49405625943679,10.73694826307295,4.465074138208896,5.272854056908454,7.0581847367973465,9.905962062725429,-1.3026753557198678,6.98638060336586
2023-12-01,7.8199479689698235,7.4615243281805625,7.1005137490159544,8.64354254547173,6.131236215623333,3.1130654684803702,1.895200884386391,6.101253332073139,8.879695610776071,-0.41559866204075396,4.361716027431992
2024-01-01,0.5477830135166207,-1.0954195345150655,1.220803999360022,-1.640361236307672,1.2637025506549544,-1.028446965526926,-3.175904540287559,-5.906690105626343,-5.043376035145978,-2.8856876106828,2.767130100521703
2024-02-01,2.254416672536508,6.7254333773359845,5.828371969480116,6.23310082789012,2.7366575372530195,1.7810910651391678,1.5411071116698136,5.341257141972608,1.093765661816334,3.656438395948352,-2.4445180346279423
2024-03-01,3.0179085607767195,4.226778513681899,2.314475936087369,3.1522713514333525,5.220218164707936,4.239127607767233,6.321380206255779,6.833163785554529,2.452267968087506,10.347055020363468,2.8204352026475377
2024-04-01,-7.056361117088965,-4.797463813714905,-6.164937938007798,-7.469972045466066,-6.159669777193576,-2.857712114905719,1.1690794170370815,-5.314191837898914,-5.911928804390156,-2.165361375988321,-6.583784631184056
2024-05-01,1.3514695572637805,1.0301502546756125,3.1778298916346333,2.0591439484222764,2.9801030585813106,-1.178137040538188,6.63193845760083,2.9512105175737755,3.2532118998017028,-0.15387753025517054,6.804141093659757
